Protein1,Protein2,label
MELGTGAIGSLLPKLVEVLKEEYDLHKGVRKKIKHLSQELESMNAVLLKVGEVPPDQLDELVKLWAGDVRELSYDMEDVVDAFLVHIDGPEPLDTHMLRRFRKKMANFFNKCKHHHKIAGAIQDVNKKVEEVASRRDRYMVDNIIAKVTGPVTIDPRLQALYKKTTELVGIEKQSEKLVKILSLGDDVHASDEKMKIVSIVGFGGLGKTTLSKAVYDKHKLAFDCGAFVPVGRDPDMKKVLRDILIDFDYMNPNVMILDERQLINELRKLIQNKRFLFVIDDIWDKKSWELIRCALQHSNCGGRVVVTTRIFEVATHIGDIYKMQPLSRDDSEILLYSRINDGEDRFLDSLSTEACDKILKKCGGVPLAIITIASLLASKSGEDWSNVYNSIGFGERGNDIVENTRRILSFSYYDLPSHLKACMLYLSLFREEYGIEKNLLIWKWIAECFIQNEHATGIGLFELGEGYFNELINRSMIQPMELEDNGYVYGCRVHDMVLDLVCSLSSEEKFATILDSDDQQKQLMVGSNARRLAVHGRSVEEHNHPQLVNVGLEKVRSFSATQCGDINVVTSYFRVLRVLTLEDCSVTGEACGKHRLEHVGNLRHLRYLGIWNTRIDEFPKEVGDLKFLQTLNLSGTGIQQLPEAVGLLKQLLCLRINDSIAVPAGLIGNLTSLQELKIWPVDDVSTRQFVKELGKLRELRILRCTIHISDEGMERDLLESLANLHKIRTLCILGSALPSGITREACFVTPQRLGQLCLECFKFSGLPVWINSSLLLNLTHLDVSVHVVQEQDMETLGRLPELCYLKLNSDYTRLVSIRNGDLQRYLFRKLRFFVSPFLFARFDDSHGRENDGGICIAVAPSIMMPSLESLVFCVYVRFLKDMVEMQPGFDNLHMQLGFEKVASSSLQRVTATIQCEDATAAEVEEAKTALAHAADLHPNRPTLTTQMVNKHKMLSSDRELRV,MLLAAAIVFLHIPALTMPAAEARQTAANIMHPVLDGEQNVLGKRSLRTDHMRVSNVEDREGDEERIFRRFTDWIKYLFNKMNPKQLHTYLGLDGLGETAYKHKNYPIYRMMSKKWRDKL,0
MELGTGAIGSLLPKLVEVLKEEYDLHKGVRKKIKHLSQELESMNAVLLKVGEVPPDQLDELVKLWAGDVRELSYDMEDVVDAFLVHIDGPEPLDTHMLRRFRKKMANFFNKCKHHHKIAGAIQDVNKKVEEVASRRDRYMVDNIIAKVTGPVTIDPRLQALYKKTTELVGIEKQSEKLVKILSLGDDVHASDEKMKIVSIVGFGGLGKTTLSKAVYDKHKLAFDCGAFVPVGRDPDMKKVLRDILIDFDYMNPNVMILDERQLINELRKLIQNKRFLFVIDDIWDKKSWELIRCALQHSNCGGRVVVTTRIFEVATHIGDIYKMQPLSRDDSEILLYSRINDGEDRFLDSLSTEACDKILKKCGGVPLAIITIASLLASKSGEDWSNVYNSIGFGERGNDIVENTRRILSFSYYDLPSHLKACMLYLSLFREEYGIEKNLLIWKWIAECFIQNEHATGIGLFELGEGYFNELINRSMIQPMELEDNGYVYGCRVHDMVLDLVCSLSSEEKFATILDSDDQQKQLMVGSNARRLAVHGRSVEEHNHPQLVNVGLEKVRSFSATQCGDINVVTSYFRVLRVLTLEDCSVTGEACGKHRLEHVGNLRHLRYLGIWNTRIDEFPKEVGDLKFLQTLNLSGTGIQQLPEAVGLLKQLLCLRINDSIAVPAGLIGNLTSLQELKIWPVDDVSTRQFVKELGKLRELRILRCTIHISDEGMERDLLESLANLHKIRTLCILGSALPSGITREACFVTPQRLGQLCLECFKFSGLPVWINSSLLLNLTHLDVSVHVVQEQDMETLGRLPELCYLKLNSDYTRLVSIRNGDLQRYLFRKLRFFVSPFLFARFDDSHGRENDGGICIAVAPSIMMPSLESLVFCVYVRFLKDMVEMQPGFDNLHMQLGFEKVASSSLQRVTATIQCEDATAAEVEEAKTALAHAADLHPNRPTLTTQMVNKHKMLSSDRELRV,MKISALFSVAALLSQSMPVLGYLFYRCGNDHITERALINQISMEHKKLTGQGSSVDSFPGGRATAEVTFWEPSISNPGTYLDIKVKFNIYRQMLSFEVSSSGKIIPQEGDYGVEIPEEDLEVSDEPYYAN,0
MADAVVQIFLERLLITLTEQTGYVNEFRDQFERLQSELQFMQSFLADADRLKRKRNSQTLRTFMAELRELIYEAEDILADCHLQSRDEDQLSNVWLTFLYPPNISFRYQTGKRLREINDKITKIKHNIASFLNVPLFTRTDTMDARNDQMSRWSCPVYDHTLVVGLEGDTRKIKDWLFEAEEGILAIGVVGMGGLGKTTIAQKVFNDREIENWFERRMWVSVSQTFTEEQIMRSMLRNLGDASAGDDRGELLRKINQYLLGKRYLIVMDDVWGEDLAWWRRIYEGLPKGKGSSIIITTRNGKVSQKMGVKKARMHFPKFLSEDDSWLLFRKIAFAATEGECQHPSLEGVGKEIVEKCKGLPLAIKAVGGMMLYKPPTYNEWRRTADNFRDELAENDDSVMASLQLSYDELPPYLKSCFLSFSVYPEDCVIRKEQLVYWWIGEGFVPQRNGRSSIEAGEDCFSGLTNRCLVEVVDKAYNKMISTCKIHDMVRDLVIRVAEEDAFSKPNGLNCRHLGVTSDVESKQLISNLKLRALMSTTKTAEVNNIASNLATKFSECRYLRVLDISRSIFELPLKGLLSQTGSLQHLSYLCLSNTHPLIHLPPSLKKLKNLQILDVSYCQNLKMLPSYVQSFIQLRALDVTHCGSLQYLPKGFGKLLNLEVLLGFRPARSSQPEGCRISELKNLTRLRKLGLQLTCGDEIEEDALVNLRELQFLSISCFDSHGSDLIAKIDELYPPEQLDELSLNFYPGKTSPVWLNPASLPMLRYLSVCSGNLSKMHDSFWGENNTVWKIEALLFESLSDLGIEWTRLQGVMPSLHIVNASWCPELDSFPIEDVGFRGGVWIKEEHSR,MKIGTQATSLAVLHNQESHAPQAPIAVRPEPAHAIPEIPLDLAIRPRTRGIHPFLAMTLGDKGCASSSGVSLEDDSHTQVSLSDFSVASRDVNHNNICAGLSTEWLVMSSDGDAESRMDHLDYNGEGQSRGSERHQVYNDALRAALSNDDEAPFFTASTAVIEDAGFSLRREPKTVHASGGSAQLGQTVAHDVAQSGRKHLLSLRFANVQGHAIACSCEGSQFKLFDPNLGEFQSSRSAAPQLIKGLIDHYNSLNYDVACVNEFRVS,0
MAEGFVSFGLQKLWDLLSRESERLQGIDEQLDGLKRQLRSLQSLLKDADAKKHGSDRVRNFLEDVKDLVFDAEDIIESYVLNKLRGEGKGVKKHVRRLARFLTDRHKVASDIEGITKRISEVIGEMQSFGIQQIIDGGRSLSLQERQREIRQTYPDSSESDLVGVEQSVKELVGHLVENDVHQVVSIAGMGGIGKTTLARQVFHHDLVRRHFDGFAWVCVSQQFTQKHVWQRILQELQPHDGDILQMDEYALQRKLFQLLEAGRYLVVLDDVWKKEDWDRIKAVFPRKRGWKMLLTSRNEGVGIHADPTCLTFRASILNPEESWKLCERIVFPRRDETEVRLDEEMEAMGKEMVTHCGGLPLAVKALGGLLANKHTVPEWKRVFDNIGSQIVGGSGLDDNSLNSVYRILSLSYEDLPTHLKHCFLYLAHFPEDSKIYRHGLFNYWAVEGIYDGSTIEDSGEYYLEELVRRNLVIADNKNLDWHSKYCQMHDMMREVCLPKAKEENFLQIIKDPTCTSTINAQSPSRSRRLSIHSGKAFHILGHRNNAKVRSLIVLRLKEEDYWIRSASVFHNLTLLRVLDLSWVKFEGGKLPCSIGGLIHLRYLSLCGAGVSHLPSTMRNLKLLLYLNLNVDNEELIHVPNVLKEMIELRYLSLPIKMDDKTKLELGDLVNLEFLFGFSTQHSSVTDLLHMTKLRYLAVSLSERCNFETLSSSLRELRNLETLNFLFTPQTYMVDHMGVFVLDHFIHLKELGLAVSMSKIPDQHQFPPHLVHIFLFYCGMEEDPMPILEKLLHLKSVELSNKAFAGRRMVCSKGGFTQLCALEISEQLELEEWIVEEGSMPCLRTLTIHDCKKLKELPDGLKYITSLKELKIEGMKREWKEKLVPGGEDYYKVQHIPDVQFINCDQ,MGNVCVGGSRMSHQVYSPDRADTPPRSERNTPDRRQRAAGDAERTQSMRLQQKINDLKPYVRHARGPIKAYGQAALDRASGKKTSVSFAQLDATHLDAMVDVENKRNPGLNLRHFRDHNELIQAIQSCGPNSFRAIFPQTCPETRQTLKHHVMADVRLHQGGAPTIIITEPAVIVGARYQQLQRHNLTLEDLSESGVPLSQVAIIETQAQKTSDDCVMYSLNYAIKAHKKAAQFDDIHHGLQHGTLSTESESRARTTLGALEANSSYSVMHEGAHAAFGADVLPVDFYKHGASLTQAKQLMKRPDGRMAGRVNSEGHSEAENLVQRNQAFRVKRRELLDDETPSNTQFSASIDGFRLQEIKRVLAEEQR,0
MAPAVSASQGVIMRSLTSKLDSLLLQPPEPPPPAQPSSLRKGERKKILLLRGDLRHLLDDYYLLVEPPSDTAPPPDSTAACWAKEVRELSYDVDDFLDELTTQLLHHRGGGDGSSTAGAKKMISSMIARLRGELNRRRWIADEVTLFRARVKEAIRRHESYHLGRRTSSSRPREEDDDDDREDSAGNERRRFLSLTFGMDDAAVHGQLVGRDISMQKLVRWLADGEPKLKVASIVGSGGVGKTTLATEFYRLHGRRLDAPFDCRAFVRTPRKPDMTKILTDMLSQLRPQHQHQSSDVWEVDRLLETIRTHLQDKRYFIIIEDLWASSMWDIVSRGLPDNNSCSRILITTEIEPVALACCGYNSEHIIKIDPLGDDVSSQLFFSGVVGQGNEFPGHLTEVSHDMIKKCGGLPLAITITARHFKSQLLDGMQQWNHIQKSLTTSNLKKNPTLQGMRQVLNLIYNNLPHCLKACLLYLSIYKEDYIIRKANLVRQWMAEGFINSIENKVMEEVAGNYFDELVGRGLVQPVDVNCKNEVLSCVVHHMVLNFIRCKSIEENFSITLDHSQTTVRHADKVRRLSLHFSNAHDTTPLAGLRLSQVRSMAFFGQVKCMPSIADYRLLRVLILCFWADQEKTSYDLTSISELLQLRYLKITGNITVKLPEKIQGLQHLQTLEADARATAVLLDIVHTQCLLHLRLVLLDLLPHCHRYIFTSIPKWTGKLNNLRILNIAVMQISQDDLDTLKGLGSLTALSLLVRTAPAQRIVAANEGFGSLKYFMFVCTAPCMTFVEGAMPSVQRLNLRFNANEFKQYDSKETGLEHLVALAEISARIGGTDDDESNKTEVESALRTAIRKHPTPSTLMVDIQWVDWIFGAEGRDLDEDLAQQDDHGYGFFILFPGYNLQGLLSFFLSLPWLLSLPSMHLQPDLMIV,MMMISTKSKLRNIFLLLAIANVNFCVKGHPMNSAKLAEEVKDGVNQPEFDRGFLRPFGAKMKFLKPDQVQKLSTDDLITYMAEKDKNVRDLAIKLRDAKQDSTKNGTPEIKQKYDKAYEKTKAAAEKLVSEESLTRDALLELTEEQYVEKAALFDKDVYRNNLQRQTYERLLRSETDVSYREVARTFIAREGEPALNAKIERLALTLENNADTRSKLDYLAIAADFLKNQANLHADDPELNLYKAETKAREIKANRAMKEALEGADKLFERNKILKSPDMRYKSAGFQAFIDKMMAWLSKIMTTKSYIKSLAKP,0
MECKEEENGQTVIPIFYNVDPSHVRYQTESFGAAFAKHESKYKDDVEGMQKVQRWRTALTAAANLKGYDIRNGIESENIQQIVDCISSKFCTNAYSLSFLQDIVGINAHLEKLKSKLQIEINDVRILGIWGIGGVGKTRIAKAIFDTLSYQFEASCFLADVKEFAKKNKLHSLQNILLSELLRKKNDYVYNKYDGKCMIPNRLCSLKVLIVLDDIDHGDQMEYLAGDICWFGNGSRVIVTTRNKHLIEKDDAIYEVSTLPDHEAMQLFNMHAFKKEVPNEDFKELALEIVNHAKGLPLALKVWGCLLHKKNLSLWKITVEQIKKDSNSEIVEQLKISYDGLESEEQEIFLDIACFFRGEKRKEVMQILKSCDFGAEYGLDVLINKSLVFISENDRIEMHDLIRDMGRYVVKMQKLQKKRSRIWDVEDFKEVMIDYTGTMTVEAIWFSCFEEVRFNKEAMKKMKRLRILHIFDGFVKFFSSPPSSNSNDSEEEDDSYDLVVDHHDDSIEYLSNNLRWLVWNHYSWKSLPENFKPEKLVHLELRWSSLHYLWKKTEHLPSLRKLDLSLSKSLVQTPDFTGMPNLEYLNLEYCSKLEEVHYSLAYCEKLIELNLSWCTKLRRFPYINMESLESLDLQYCYGIMVFPEIIGTMKPELMILSANTMITELPSSLQYPTHLTELDLSGMENLEALPSSIVKLKDLVKLNVSYCLTLKSLPEEIGDLENLEELDASRTLISQPPSSIVRLNKLKSLKLMKRNTLTDDVCFVFPPVNNGLLSLEILELGSSNFEDGRIPEDIGCLSSLKELRLEGDNFNHLPQSIAQLGALRFLYIKDCRSLTSLPEFPPQLDTIFADWSNDLICKSLFLNISSFQHNISASDSLSLRVFTSLGSSIPIWFHHQGTDTSVSVNLPENWDAMYHLETFVIESFRMYIY,MPYTVSSPNQLVYFGSVWADPIALIDLCTVSLGNQFQTQNARTTVQQQFSDLFKTVPTRTIRFSDGENGFRVFRYNSTLDPLITALLNSFDTRNRIIETENPANPNTAEIASATQRVDDATVSIRACINNLMNELARGTGMLNTVSFETISNLTWTTAATT,0
MADAFLSFAVQKLGDFLIQKVSLRKSLRDEIRWLINELLFIRSFLRDAEQKQCGDQRVQQWVFEINSIANDAVAILETYSFEAGKGASRLKACTCICRKEKKFYNVAEEIQSLKQRIMDISRKRETYGITNINYNSGERPSNQVTTLRRTTSYVDEQDYIFVGFQDVVQTLLAQLLKAEPRRSVLSIYGMGGLGKTTLARKLYTSPDILNSFPTRAWICVSQEYNTMDLLRTIIKSIQGCAKETLDLLEKMAEIDLENHLRDLLKECKYLVVVDDVWQREAWESLKRAFPDGKNGSRVIITTRKEDVAERVDHRGFVHKLRFLSQEESWDLFRRKLLDVRAMVPEMESLAKDMVEKCRGLPLAIVVLSGLLSHKKGLNQWQKVKDHLWKNIKEDKSIEISNILSLSYNDLSTALKQCFLYFGIFPEDQVVKADDIIRLWMAEGFIPRGEERMEDVADGFLNELIRRSLVQVAKTFWEKVTDCRVHDLLRDLAIQKALEVNFFDVYGPRSHSISSLCIRHGIHSEGERYLSSLDLSNLKLRSIMFFDPDFRKMSHINLRSEFQHLYVLYLDTNFGYVSMVPDAIGSLYHLKLLRLRGIHDIPSSIGNLKNLQTLVVVNGYTFFCQLPCKTADLINLRHLVVQYSEPLKCINKLTSLQVLDGVACDQWKDVDPVDLVNLRELSMDRIRSSYSLNNISSLKNLSTLKLICGERQSFASLEFVNCCEKLQKLWLQGRIEELPHLFSNSITMMVLSFSELTEDPMPILGRFPNLRNLKLDGAYEGKEIMCSDNSFSQLEFLHLRDLWKLERWDLGTSAMPLIKGLGIHNCPNLKEIPERMKDMELLKRNYML,MKINLSWKTYAVLSIVSLGGIHAMEHVPAELTRVSEGYTRFYRSPTASVILSGLVKVKWDNEQMTMPLFKWIGGEQAEELHFDVHIAHSSGPKLNRARTLGTVNSNMDQHWAQAHRNSGASRRTIQDCHLFENDIPNFPDYIKIKLVPKT,0
MAEGFVSFGLQKLWDLLSRESERLQGIDEQLDGLKRQLRSLQSLLKDADAKKHGSDRVRNFLEDVKDLVFDAEDIIESYVLNKLRGEGKGVKKHVRRLARFLTDRHKVASDIEGITKRISEVIGEMQSFGIQQIIDGGRSLSLQERQREIRQTYPDSSESDLVGVEQSVKELVGHLVENDVHQVVSIAGMGGIGKTTLARQVFHHDLVRRHFDGFAWVCVSQQFTQKHVWQRILQELQPHDGDILQMDEYALQRKLFQLLEAGRYLVVLDDVWKKEDWDRIKAVFPRKRGWKMLLTSRNEGVGIHADPTCLTFRASILNPEESWKLCERIVFPRRDETEVRLDEEMEAMGKEMVTHCGGLPLAVKALGGLLANKHTVPEWKRVFDNIGSQIVGGSGLDDNSLNSVYRILSLSYEDLPTHLKHCFLYLAHFPEDSKIYRHGLFNYWAVEGIYDGSTIEDSGEYYLEELVRRNLVIADNKNLDWHSKYCQMHDMMREVCLPKAKEENFLQIIKDPTCTSTINAQSPSRSRRLSIHSGKAFHILGHRNNAKVRSLIVLRLKEEDYWIRSASVFHNLTLLRVLDLSWVKFEGGKLPCSIGGLIHLRYLSLCGAGVSHLPSTMRNLKLLLYLNLNVDNEELIHVPNVLKEMIELRYLSLPIKMDDKTKLELGDLVNLEFLFGFSTQHSSVTDLLHMTKLRYLAVSLSERCNFETLSSSLRELRNLETLNFLFTPQTYMVDHMGVFVLDHFIHLKELGLAVSMSKIPDQHQFPPHLVHIFLFYCGMEEDPMPILEKLLHLKSVELSNKAFAGRRMVCSKGGFTQLCALEISEQLELEEWIVEEGSMPCLRTLTIHDCKKLKELPDGLKYITSLKELKIEGMKREWKEKLVPGGEDYYKVQHIPDVQFINCDQ,MHFSTIFIPFALAALKVSAAPARFCVYYDGHLPATRVLLMYVRIGTTATITARGHEFEVEAKDQNCKVILTNGKQAPDWLAAEPY,0
MAAYSAVISLIQTLIDQQNISELFHDHTVQTLDSLHATAEYFQHVLENITRFDTEKIKSLEEKIRVVVSYAEDVVEMKISQIFNGSSWTFEILQHHDLLPLVEKMDTIKKQVMDIVSHDADDQVLELSAGDSLIGASSISYSMLEDDIVQGIDDDLEIIINRLTGRPRDLDVVTITGMGGIGKTTLARKAYHHLTIRYHFDILAWITISQEFRCRNVLLEALHCISRKTDIVNANNYDKMDDNELADLVQKKLKGRRYLVVVDDIWSTDVWDSISGIFPNYNNGSRILLTTRENEVAMYANTCTPHQMSLLSLENGWRLLCDKVFGPKHDHPPELEEIGKEIVEKCQGLPLTISVIAGHVSKMPRTLECWKDVARTLSEIIASHPDKCLGVLGLSYHHLPNHLKPCFLSMSSFPEDFQVDTRRLIYLWIAEGFIRTCENGKSLEEVAVDYLEDLISRNLIQARKRRFNGEIKACGIHDLLREFCLIEAEITKHMHVERTYPTLPTQKHNVSRFSFQTKFYSVDDCNKLLPPVARSIYFFSQLDLPVVPYKRYLRCGLPIHRDDRIIHDFYSRFNLLRVLVISKTNEYFESFPLVITKLFHLRYLQVRFLGDIPESISKLQNLQTLICSGGTLPGKIWMMKNLRYISIIGNKVTYLPSPRTESLVNLEEFSVLCYRSCTKEVISGILNLKRLTIDVPSSINNYFPNGLIDMSSLTKLEAFKCNSCIHSKFNSSVIPTSLKDFVFPTSLKRLSLNNYASHFFWEEISSTIIMLPNLEELKLKDCRSDEYDEWSLSDKDKFKSLKLLVLTDIFFDRWEATSDNFPNLKRLVLNKCDLEIPSDFGEICTLESIELHDCSTSAEDSAQEIEQEQEEMGNNILKVYIHGSRSKF,MKINLSWKTYAVLSIVSLGGIHAMEDVPAELTGVSEGYTRFYRSPTASVTLSGLVNVKWDNEQMTMPLFKWIGGEQAEELHFCVHIAHSIGPKLNLARTLGTVNSNMDQHWAQAHRHSGATRRTIQDFHLFANDIPNFPDYIKIKLVPKT,0
MEKRKDNEEANNSLVLFSALSKDIADVLVFLENEENQKSLDKDEVENLKLKMAFICTYVQLSYSDFEQFEDIMTRKRQQVENLLQSLLDDDVLTSLTSNMDDCISLYHRSYKSDAIMMDEQLDFLLLNLYHLSKHHAEKIFPGVTQYEVLQNVCGNLRDFHGLIVNGCIKHEMVENVLPLFQLMAERVGHFLWEDKTDEDSDEDDQNDRDSRLFQLTHLLLKIVPTELEVMHICYTNLKASTSAEVGRFIKKLLETSPDILREYIIQLQEHMITVIRPSTSGARNIHVMMEFLLLILSDMPKDFIHHDKLFDLLAHVGVLTREVSTLVRDLEEKLRNKEGNNQTNCATLDLLENIELLKKDLKHVYLKAPDSSQCCFPMSDGPLFMHLLHMHLNDLLDSNAYSISLIKEEIELVKQDLEFIRSFFVDAEQGLYKDIWARVLDVAYEAKDVIDSIIVRDNGLLHLIFSLPITIKKIKLIKEEISALDESIPKDRGLIAVNSPKKPVERKSLTTNKIIVGFEEETNLILRKLTSGPADLDVISITGMPGSGKTTLAYKVYNDKSVSSHFDLRAWCTVDQGCDEKKLLNKIFNQVSDSDSKLSENIDVPDKLRKQLYGKRYLIVLDDVWETTTWDEVTRPFPEAKKGSRIILTTREKEVALHGKLYTDPLDLRLLRPDESWELLEKRAFGDESCPDELLDVGKEIAENCKGLPLVADLIAGVIAGREKKRSVWLEVQSSLSSFILNSEVEVMKVIELSYDHLPHHLKPCLLYFASFPKDTSLTIYEFNVYLGAEGFVGKAEMNSMEEVVKIYMDDLISSSLVICFNEIGDALNFQIHDLVHDFCLIKARKENLFDQIRSSAPTDLLPRQITIDYDDDEEHFGLNFVIFDSNKKRHSGKHIYSLRIFGDELDDSLFDTFHLRHLRLLRVLVLDTSFIMVNDSLLNEICMLNHLRYLRIGTQVKYLPLSFSNLWNLELLWVENKESTLILLPRIWDLVKLRVLFADACSFFDMDADESILIAEDTKLEKLRILGELLISYSKDTKNIFKRFPNLQMLQFELKESWDYSTEQHWFPKLDCLTELEILNVGFKSSNTNHSGSSVKTNRPWDFHFPSNLKQLSLHDFPLTSDSLSTIARLPNLEELSLYDAIIQGEEWNMGEEDTFENLKFLNLRLATLSKWEVGEESFPNLEKLKLQGCRKLEEIPPSFGDIYSLKVIKIVKSPQLEDSALKIKEYAEDMRGGSELQILGQKNIPLFK,MRFLFLLVAVALASAEAAESAAMIHEEAGVSSFNTLTGGNQIQRSLRVYLGANEERGVGGVKLENILTIFVQRAKAKLPQGFTAAALGNWKGFSRRVDTVMEHYPKGLSEKAIKELRTAETKRFTDYAMLGPSDKYNLLRPMQGVDEAMIAPNLVSLTGRKNQVLGDAGGRSVVCNVVMRSEAEGGGILLISSSKLDKQDFILPKGGLEKGEIAYGAAKREVLEEGGVRYRSDIFIFYRWSVLTLVMALQVKVKKLKELGVTLVGDKTYESFLMRSKKVYEQWSESRRLRVWVRECQSIEIPGETQLTVRLLFN,0
MELVTGVMGSLLPKLGELLKDEYDLQRGLREKIKSLSRELESVHAVLRKVGAVPLDQLDELVKLWARDVRELSYDMEDIVDMFLVRFNDNHESDDPWVLRRLRKKMSKLFKKAKDRREIAGAIQSINEKLQEVSTRRARYRVDSFVTKPAGPVSIDPRLQALYKRSTELTGVDGPMDRIINMLSPRDDIHLSDKKKIISIVGFGGLGKTTLAKVVYDKLKPDFDCGAFVPVGQNPDMKKVLRDILIDLDKQKYKHSIIMKLNERQLIDEIKDLVEKKRCIVIIDDIWDKKSWELIRCALQDSNYGSRVVVTTRISEVATHVGCYVYKMEPLSHDDSEKLLYATIANAEGKCLARPSAVACEKILNKCDGVPLSIITIARLLANKPEEDWSEVYNSIGFGHGGNSVVENTRTILSFSYYDLPSHLKACFLYLNIFSEDVVIEKNLLIWKWIAEGFVHDEEAAGVGLFELGEGCFNALINRNMIQPVETQYQGHQSKARYGEGYVYGCRVHDMMLDLICSLSKEENFVTLVDSHEQVELPPSNARRLALQSINIKEQNRIQLANMGMEQVRSFLANRCAGISLESSHFRVLRVLALEYCKDNVIFWHFRGLYHLRYLGLVNAGITELPKEVGDLIFLQTLDLRETFILELPESVGLLTQLLCLYVDHGTRIPADLIGNLTSLQELCIRPADNNNFNDMRQFVKALGRLRELRVLQTQIDVLDDSMEKDLLESIENLHKIRYLEILGTSWGMNITWTRIGFISTRHLKRLCLECIEFSRLPFWINSSSLPYLSFINVTVQVVQEKDMETLGMLPELYCLKLYSRYTNLVSIKHTGNGGYFQKLKFFKIVGSSVRFDLSCCDCSGGEIKSSFMPSLETFETDVHVRFLKDANMLGFDKLGLENLPSSLKRIIVVICCRDACDADVEEAQAALEHAADIHPNNPTLKIDRYGEEIKRPL,MNRISTSSVNSSFSYSAPAEEAQNRVSSAPTNSSPPGTTTAVAQASEGQKKPGAVLSMQAQRLRQLCESSSYQYRQNALLAKSFDAQRLDINTQAGPSNSPHLNALNKLQQRDFKPAAGGLEIPFTPKSLLGGGKRVYQIGSSSREVQVCPRGAGAALRQEIENKQLMVNNLTDELQDAIDEANPAEIANTSQQLRQARSDLAELQRRFAVLGNEDRRINQ,0
MVGAEMLVAAAVSQVARKINGIVGVAQGEVKLCCNFSDDLEGIKDTLVYLETLLKNAENNSFGSDRANLRHWLGQIKSLAYDIEDIVDGYYSSKEQFDGGSYAQKGSLFCSLSNPMLLKGSMVYKMKSKREMLQQRQQLPNQYHFLSHINSAVNFEEKQTTSYRNTDIAIVGRDADLDNLMDILMENSAEELSIISIVGPVGFGKTSLAQFVFNNTGTEVFSFRIWVHVSMGNINLEKIGRDIVSQTTEKIEGNMQLQSIKNAVQRVLNKYSCLIILDSLWGKDEEVNELKQMLLTGRHTESKIIVTTHSNKVAKLISTVPLYKLAALSEDDCLKIFSQRAMTGPGDPLFREYGEEIVRRCEGTPLVANFLGSVVNAQRQRREIWQAAKDEEMWKIEEDYPQDKISPLFPSFKIIYYNMPHELRLCFVYCSIFPKGTVIEKKKLIQQWIALDMIESKHGTLPLDVTAEKYIDELKAIYFLQVLERSQNDAERSGASEEMLHMHNLAHDLARSVAGEDILVILDAENERNARYCDYRYAQVSASSLESIDRKAWPSKARSLIFKNSGADFEHVSEVLSVNKYLRVLDLSGCCVQDIPSPIFQLKQLRYLDVSSLSITALPLQISSFHKLQMLDLSETELTELPPFISNLKGLNYLNLQGCQKLQRLNSLHLLHDLHYLNLSCCPEVTSFPESLENLTKLRFLNLSGCSKLSALPIRFLESFASLCSLVDLNLSGFEFQMLPDFFGNIYSLQYLNLSKCLKLEVLPQSFGQLAYLKSLNLSYCSDLKLLESFECLTSLRFLNLSNCSRLEYLPSCFDKLNNLESLNLSQCLGLKALPESLQNLKNLQLDVSGCQDCIVQSFSLSTRSSQSCQRSEKAEQVRSRNSEISEITYEEPAEIELLRNNPSKDLASISHLNEDRIEEPEVVTESSATRGMVQQIPGNQLSSPSSHLSSFASSSAPFASSSWDTSTSEHPVPNEEAAALTVPRSNEKCDNTPMPVKDGLISEDDAPVHLHQTPLQATAMAAT,MSYTVNSPSQLVYLSSAWADPTDLLNLCTNSLGNQFQTQQARTTVQQQFSDVWKPTPQAGVRFPASGFKVYRYNAVLDPLITALLGTFDTRNRIIEVENQQNPTTAETLDATRRVDDATVAIRSAINNLANELVRGTGMYNQTSFESMAGLTWTTTPPSG,0
MEGNGIMVSAATGAMNSLLAKLAALLEEDYQMHKGMKREIAFLKDELSSMNALLERLADTEAALDPQTKEWRSQVREMSYDIEDCIDEYTRQLRHGQPQRPGGNGIMGFFHGYVQKVKDLVGRHEIAEQIQELKARIVEAGHRRKRYKLDSAVNCKSNHVVPIDRRLPALFAELDALVGIDRPRDEIIKLLDDGEQRMKVVSIVGSGGLGKTTLANQVYQKIGEQFDCKAFVSLSQHPDMEMIFQTILYQVNDEVGRIRSGDKEQVISELRAFLKNKRYFIVIDDIWSAQAWNTIRYSLLENNCGSRILVTTRIGTVAKSCSSPCLNLVYELRVLSENDSKRLFFRRIFGSEDKCPHQLKDIAVEIVRKCGGLPLAIISMASLLTTKSYVRAEWFKVRDSIGSGIEKNSDVEEMNMILSLSYYDLPHHLRTCLLYLSMFPEDYVVNRDYLVRRWVAEGFIKANGGRTFEEEGECYFNELINRSMIQPVHTLYDGRVYSCKVHDMILDLIISKATEENFVTIVTDRKQMLVSKDKVHRLSFDNYGQEDVTLYSMVTTHVRSLNIFRYSEQMPPLSNFPALRMLDLDGNNNLESSYLEDIGKLFQLRYLRIRASNISLPDQIGELQFLVILDLLNCIGISKLPASIGKLRHLKCLVVHRVELPDGVGNLQDLEYMSLVVVDYSTSVSSLQELGSLTKLRTLGLDWRIGDFHKEKLTYADNFVSSLGKLGRSNLQYLTLISPWSLDFLLDSWSPPPHLLQRLGITGWYLSRIPVWMASLADLTFLDIEVKVRQETLQILGNFPALQFLELYSNAADYGDRWLTVSNGGFRCLQKFKFVHWMNLMFEEGAMPMLETLEFQIIAHEARAESGFGPPDLGICHLSALRNLIVNIYCECARVEDVEALEAAIWIAVSMLPNHPTPTLHRFREAEMAKYDA,MWSKSTIVTSAALLLFNQAALVAARNCRIWQDMGSVWQEVVVVTPPVTVDIITKRHGAFSLFVPVGCGIRDTGGALRATETDDPW,0
MGGCFSVSLPCDQVVSQFSQLLCVRGSYIHNLSKNLASLQKAMRMLKARQYDVIRRLETEEFTGRQQRLSQVQVWLTSVLIIQNQFNDLLRSNEVELQRLCLCGFCSKDLKLSYRYGKRVIMMLKEVESLSSQGFFDVVSEATPFADVDEIPFQPTIVGQEIMLEKAWNRLMEDGSGILGLYGMGGVGKTTLLTKINNKFSKIDDRFDVVIWVVVSRSSTVRKIQRDIAEKVGLGGMEWSEKNDNQIAVDIHNVLRRRKFVLLLDDIWEKVNLKAVGVPYPSKDNGCKVAFTTRSRDVCGRMGVDDPMEVSCLQPEESWDLFQMKVGKNTLGSHPDIPGLARKVARKCRGLPLALNVIGEAMACKRTVHEWCHAIDVLTSSAIDFSGMEDEILHVLKYSYDNLNGELMKSCFLYCSLFPEDYLIDKEGLVDYWISEGFINEKEGRERNINQGYEIIGTLVRACLLLEEERNKSNVKMHDVVREMALWISSDLGKQKEKCIVRAGVGLREVPKVKDWNTVRKISLMNNEIEEIFDSHECAALTTLFLQKNDVVKISAEFFRCMPHLVVLDLSENQSLNELPEEISELASLRYFNLSYTCIHQLPVGLWTLKKLIHLNLEHMSSLGSILGISNLWNLRTLGLRDSRLLLDMSLVKELQLLEHLEVITLDISSSLVAEPLLCSQRLVECIKEVDFKYLKEESVRVLTLPTMGNLRKLGIKRCGMREIKIERTTSSSSRNKSPTTPCFSNLSRVFIAKCHGLKDLTWLLFAPNLTFLEVGFSKEVEDIISEEKAEEHSATIVPFRKLETLHLFELRGLKRIYAKALHFPCLKVIHVEKCEKLRKLPLDSKSGIAGEELVIYYGEREWIERVEWEDQATQLRFLPSSRWRWRET,MKISALFSVAALLSQSMPVLGYLFYRCGNDHITERALINQISMEHKKLTGQGSSVDSFPGGRATAEVTFWEPSISNPGTYLDIKVKFNIYRQMLSFEVSSSGKIIPQEGDYGVEIPEEDLEVSDEPYYAN,0
MAEAIVSVTVQKLGQLLLEEPLFLFGIGDQVKQLQDELKRLNCFLKDADEKQHESERVRNWVAGIREASYDAEDILEAFFLKAESRKQKGMKRVLRRLACILNEAVSLHSVGSEIREITSRLSKIAASMLDFGIKESMGREGLSLSDSLREQRQSFPYVVEHNLVGLEQSLEKLVNDLVSGGEKLRVTSICGMGGLGKTTLAKQIFHHHKVRRHFDRFAWVYVSQDCRRRHVWQDIFLNLSYKDENQRILSLRDEQLGEELHRFLKRNKCLIVLDDIWGKDAWDCLKHVFPHETGSEIILTTRNKEVALYADPRGVLHEPQLLTCEESWELLEKISLSGRENIEPMLVKKMEEIGKQIVVRCGGLPLAITVLGGLLATKSTWNEWQRVCENIKSYVSNGGSSNGSKNMLVADVLCLSYEYLPPHVKQCFLYFAHYPEDYEVHVGTLVSYCIAEGMVMPVKHTEAGTTVEDVGQDYLEELVKRSMVMVGRRDIVTSEVMTCRMHDLMREVCLQKAKQESFVQVIDSRDQDEAEAFISLSTNTSRRISVQLHGGAEEHHIKSLSQVSFRKMKLLRVLDLEGAQIEGGKLPDDVGDLIHLRNLSVRLTNVKELTSSIGNLKLMITLDLFVKGQLYIPNQLWDFPVGKCNPRDLLAMTSLRRLSINLSSQNTDFVVVSSLSKVLKRLRGLTINVPCEPMLPPVDVTQLVSAFTNLCELELFLKLEKLPGEQSFSSDLGALRLWQCGLVDDPFMVLEKLPNLKILQLFEGSFVGSKLCCSKNLENLEEWTVEDGAMMRLVTVELKCCNKLKSVPEGTRFLKNLQEVEIGNRTKAFKDKLISGGEDFYKVQHVPCVVFENCEL,MKVSHLTSPAPVVIEHQPRQSEKVSRDGDVIKPWSQLPAAAPSFGGCFGKSKKSRGYDSGSSSGSRSNAGFRLNHVPYVSQQNERMGCWYACTRMLGHSISSGPRLGLPELYDSSGPQGLQQREDVLRLMRNENLAEVSLPESRQFSANELGNLLCRHGPIMFGWQTPAGSWHMSVLTGIDKPNDAIIFHDPQRGPDLTMPLDSFNQRLAWRVPHAMLYSEN,0
MDVTVSAATGALAPVLVKLADLLKTEDRNLLGGSRRDAEFIRSELDAVKCSIHPSWDFDAACKADLLTEVRELSYDVDDAVDDLYLEPRGDEITNPFDEFKTRVEHLSKWKLPVTSRPPSSVHRREPGLLPASTELVGMDERKEELIKLLEQGVDRGSSDASRWRKGKPHFPLRISRRRMAPPFHIRIVIKVAMDSNKSRSKAMRLIASMRGVLSVTIVGDDRDQLVVFADDLDIIKLVTAIRKKVGYAELVQISENLEVVEETKTMPAAVNSTCEFDKVNTVCILGFAGGGKTTVAKELYDALGTKFQCRIFVSVSPIPSSPKTTEILADILQALGVTDTPSTPYGGTGTSNQQHIVDNISAFLVDKKYLIVIDDIWHWDEWEVIRKSIPKNDLGGRIIITTRLNSIAEKCHADDNDVFVYEVGDLDNNDALLLSERKAIDSGTHNRIRIGEDNPCYDIVNMCYGMPLALICLSSALAGRIEELGDDEAKKWRALRHIEDGILDIPSLKPLAENLCLGYEHLPLHLRTLLLYCSAYNWSDTHTHRIERGRLVWRWVAEGFVSEEKEAEGYFEELINRGWIKQHGCYYGRSIKQDGDSNSYIYYEIHPVMLAFLRCKSKEYNFVTCLGLGSDNTSSTSASSPRLIRRLALQQGYPVDFLSSSMSMDVSYTRSLVVLGEVTGLRFDSFKRLRVLDLEDNEDMEDSHLQGICEQLSLRLRYLGLKGTRISKLPREIRKLKHLEILYVGSTQISELPQEIEELKHLRVLDVRATKISALPRQIEELQERLQTLDAAYTSITELPPQIGKLQNLKTLSLRNTQVRELPKEIGELKNLQTLNLRNTQVRELPPEIGELKHLQTLDVRKTRVRELPWQCGRMSQSFRVLAGDSDEHVQLPIGVSEALVNNGEVQCKDIVLSIAILDRFGPPLDEGIFKVPGTHMAIPDFIKHYFGVLSCLDIRLCHKLEDHDQEFLAQMPCLRTLVLRFEALPREHITIKDTGFHTLERFRVDSRVPRITFQRGAMPSLIHLEFKFYVGLPSDDPVGIHHLLSLETVVFRCSEWYSSDAPGIKATIDVVKKEAKEHRNRISLRIINGSDEKISSIKKHTSSENIGSSSATSGVLDTHQDDNDLLPIRMTEEKGVHGGGTCSTCGRSSTIQDETIQDRVTAIDLFGPELNNYGNASHN,MGLMHRLLLLATLALLCTLAKAAGFDHAKVPRTVERGGGARQLRTATMSDDEARGWKLRSFFESYLKDRKIKNWIKGKVTDDFVLSELKLVRLPGKNLADDPNFKLFQKFKIDGWLEEKATTTKAWENLGLNLLPIDRVSKTDMFKTYTQHVMMGTKKPSELDIDQWEGLLSGGSPQKLKAKAMILRNLGRNVLERRVMLGAHVVVPF,0
MAYAAVTSLMRTIHQSMELTGCDLQPFYEKIESLRAILEKSCNIMGDHEGLTILEVEIAEVAYTTEDMVDSESRNVFLAQNLEERSRAMWEIFFVLEQALECIDSTVKQWMATSDSMKDLKPQTSSLVSLPEHAFEQPENIMVGYENEFEMMLDQLVRGGRELEVVSIVGMGGIGKTTLATKLYSDPCIMPRFDIRAKATVSQEYCVRNVLQGLLSSISDEPDDQLADRLQKHLKGRRYLVVIDDIWTTETWDDIKLCFPDCNNGSRILLTTRNVEVAEYASSGKPPHHMRLMNFEESWNLLYKKIFEKEGSYSPEFENIGKQIALKCGGLPLAITVIAGLLSKISKTLDEWQNVAENVSSVVSTDLEAQCMRVLALSYHHLPSHLKSCFLYFAIFAEDEQIYVNNLVELWGVEGFLNEEEGKSIEEVAETCINELVDRSLISIHNLSFDGEIERCGMHDVTRELCLREARNMNFVNVIRGKSDQNSCAQSMQCSFKSRSRICIHNEEELAWCRNSEAHSIIMSRRFKCVTLELSFKLVRVLDLGLTRFPIFPSGVLSLIHLRYLSLCFYPCLKQYLGSKEAVPSSIIDIPLSISSLCYLQTFKLYFPFFYRYPFILPSEILTMPQLRKLHMGWNYLQSHEPTENRLVLKNLQCLTQLNPRYCTGSFFRPFPNLKKFEVFGVPEDFRNHKDLYDFRYLYQLEKLVFSSYYPTDVPTLLLPPPDAFPQNLKSLAFKGNFLLAWKDLSIVGKLPKLEVLQLSGNAFIGEEWEVVEEGFPHLKFLFLDNLNIQYWRASSDHFPYLERLFLRGCNNLDSIPRDFADITTLALIDISDCQQSVGNSAKQIQQDIQDNYGSSIEVYTRDLFQKLRCSED,MKSFTHILGAFLAMVALVTGAALPEESQLDTRTITESQALSIARRQGACISLDIVPRRVDRAHQTNFQWVIREEGRTDWNPNNHVHVLIDAQTTEFDHRLTVEITNRSQRFGNAVILSRYAGDTNTGPIQDQIRIPVGTAEGRTAAFVSRCIRLPSLQGTWWWQLEN,0
MEATALSVGKSVLNGALGYAKSAFAEEVALQLGIQKDHTFVADELEMMRSFMMEAHEEQDNSKVVKTWVKQVRDTAYDVEDSLQDFAVHLKRPSWWRFPRTLLERHRVAKQMKELRNKVEDVSQRNVRYHLIKGSAKATINSTEQSSVIATAIFGIDDARRAAKQDNQRVDLVQLINSEDQDLKVIAVWGTSGDMGQTTIIRMAYENPDVQIRFPCRAWVRVMHPFSPRDFVQSLVNQLHATQGVEALLEKEKTEQDLAKKFNGCVNDRKCLIVLNDLSTIEEWDQIKKCFQKCRKGSRIIVSSTQVEVASLCAGQESQASELKQLSADQTLYAFYDKGSQIIEDSVKPVSISDVAITSTNNHTVAHGEIIDDQSMDADEKKVARKSLTRIRTSVGASEESQLIGREKEISEITHLILNNDSQQVQVISVWGMGGLGKTTLVSGVYQSPRLSDKFDKYVFVTIMRPFILVELLRSLAEQLHKGSSKKEELLENRVSSKKSLASMEDTELTGQLKRLLEKKSCLIVLDDFSDTSEWDQIKPTLFPLLEKTSRIIVTTRKENIANHCSGKNGNVHNLKVLKHNDALCLLSEKVFEEATYLDDQNNPELVKEAKQILKKCDGLPLAIVVIGGFLANRPKTPEEWRKLNENINAELEMNPELGMIRTVLEKSYDGLPYHLKSCFLYLSIFPEDQIISRRRLVHRWAAEGYSTAAHGKSAIEIANGYFMELKNRSMILPFQQSGSSRKSIDSCKVHDLMRDIAISKSTEENLVFRVEEGCSAYIHGAIRHLAISSNWKGDKSEFEGIVDLSRIRSLSLFGDWKPFFVYGKMRFIRVLDFEGTRGLEYHHLDQIWKLNHLKFLSLRGCYRIDLLPDLLGNLRQLQMLDIRGTYVKALPKTIIKLQKLQYIHAGRKTDYVWEEKHSLMQRCRKVGCICATCCLPLLCEMYGPLHKALARRDAWTFACCVKFPSIMTGVHEEEGAMVPSGIRKLKDLHTLRNINVGRGNAILRDIGMLTGLHKLGVAGINKKNGRAFRLAISNLNKLESLSVSSAGMPGLCGCLDDISSPPENLQSLKLYGSLKTLPEWIKELQHLVKLKLVSTRLLEHDVAMEFLGELPKVEILVISPFKSEEIHFKPPQTGTAFVSLRVLKLAGLWGIKSVKFEEGTMPKLERLQVQGRIENEIGFSGLEFLQNINEVQLSVWFPTDHDRIRAARAAGADYETAWEEEVQEARRKGGELKRKIREQLARNPNQPIIT,MSYTVNSPSQLVYLSSAWADPTDLLNLCTNSLGNQFQTQQARTTVQQQFSDVWKPTPQAGVRFPASGFKVYRYNAVLDPLITALLGTFDTRNRIIEVENQQNPTTAETLDATRRVDDATVAIRSAINNLANELVRGTGMYNQTSFESMAGLTWTTTPPSG,0
MAESFLFNIIERVLAKVSSIAVYEITLAWNVKIELRKLQSTLSTIKAVLLDANEQQAKNHEVRDWLEKLRDVVYDVDDLMDDLSTQLLLQMHFQKSFRKKVRKFFSSSNPIIYRFKIGRKVKEIRELLNEIADDRRNFHFTEHTYVIPAENTSREQTHSFVRASDIIGRDDDQENIVKQLIDSHDEENISVIPIVGLGGLGKTTLVKLVYNNNRVVQNFDLRMWVSISEDFNLSKVIEKILRSATGESFDHLDMDQLQGCLGEVLQQKRYLLVLDDVWNEDQHKWMDLRELLMNCSRGSKIVVTTRSKMVALITGTVPPYYLGGLADDDCLSLFLKCAFGGQDNLFPNLVEIGKEIVKKCGGVPLAVKTLGRLLYMKTDENEWLQIRDNEIWEIEQNKSDILPILRLSYEQMPSHLRQCFAYCSMLSKGQEIPREDFINRWIAQGFIKSSNRNRKLEDIGNQYFDELLSRFCFLDVVQAFDGEILACKIHNLVHDLAQSVAGAECLNVKPNAFVVSERVRHLFFHAEDMSRKHFPRFLLPLQKLRSFSYSFNIGPVNKFFVKTMLSNFKCLRMLVLNNLDLEELPTSIGHLKELRYLNLSNSGNIKFLPRSMSKLVNLHTLNLINCEQLKELPRDFRKLISLKTLYLTTHQISEGIKNQHSFTSLQFLLLFKCCFPKLQPELVQHFTALRVLRIYECPSLCSLPSSIRYLTSLEKLWIWNCEELDLIDGEGMSGLTSLQSLLLMGLPKLVTLPLELKDTAPTTLKYFRIADCPNLMELPEWLPNCSSLQRLYIEDCPVLASIPQGIYSHNANLHIIDCPLLGG,MKIGTQATSLAVLHNQESHAPQAETAVRPEPAQAVPEIPSDLAIRPRARGIHPFLAMTLGDKGCASSSGVSLEEDSHTQASLSDFSVASRDVNHNNICAGLSTEWLVMSSDGDAESRMDHLDHNGEGQSSGTQRHQVYNDALAAALSNDDEAPFFTASTAVIEDAGFSLRREPKTVRTSGGSAQLGQTVADDVAQSGRKHLLSLRFANVQGHAIACSCEGSRFKLFDPNLGEFQSSRSAAPQLLKSLIDHYNSLNYDVACVNEFRVS,0
MAERVVTMAIGPLVSMLKDKASSYLLDQYKVMEGMEEQHKILKRKLPAILDVITDVEEQAMAQREGAKAWLQELRTVAYVANEVFDEFKYEALRREAKKNGHYIKLGFDVIKLFPTHNRVAFRYKMGRKLCLILQAVEVLIAEMQVFGFKYQPQPPVSKEWRHTDYVSIDPQEIASRSRHEDKKNIIGILVDEASNADLTVVPVVAMGGLGKTTLAQLIYNDPEIQKHFQLLLWVCVSDTFDVNSLAKSIVEASPNKNVDTDKPPLDRLQKLVSGQRYLLVLDDVWDNKELRKWERLKVCLQHGGMGSAVLTTTRDKRVSEIMGADRAAYNLNALEDHFIKEIIEARAFSSKKEKPIELVEVVDEIVKRCCGSPLAATALGSVLCTKTSVKEWKAVSSGTSVCTDETGILPILKLSYNDLPAHMKQCFAFCAVFPKDYKINVEKLIQLWIANGFILEYKEDSPETFGKHIFDELVSRSFFLDLEESKDYSGYYSSTCKIHDLMHDIAMSVMEKECVVATMEPSEIEWLPDTARHLFLSCEEAERILNDSMQERSPAIQTLLCNSDVFSPLQHLSKYNTLHALKLCLGTESFLLKPKYLHHLRYLDLSESSIKALPEDISILYNLQVLDLSYCNYLDRLPRQMKYMTSLCHLYTHGCWNLKSMPPGLENLTKLQTLTVFVAGVPGPDCADVGELHGLNIGGRLELCQVENVEKAEAEVANLGGQLELQHLNLGDQLELRRVENVKKAEAKVANLGNKKDLRELTLRWTEVGDSKVLDKFEPHGGLQVLKIYKYGGKCMGMLQNMVEIHLSGCERLQVLFSCGTSFTFPKLKVLTLEHLLDFERWWEINEAQEEQIIFPLLEKLFIRHCGKLIALPEAPLLGEPSRGGNRLVCTPFSLLENLFIWYCGKLVPLREAPLVHESCSGGYRLVQSAFPALKVLALEDLGSFQKWDAAVEGEPILFPQLETLSVQKCPKLVDLPEAPKLSVLVIEDGKQEVFHFVDRYLSSLTNLTLRLEHRETTSEAECTSIVPVDSKEKWNQKSPLTVLELGCCNSFFGPGALEPWDYFVHLEKLEIDRCDVLVHWPENVFQSLVSLRTLLIRNCKNLTGYAQAPLEPLASERSQHPRGLESLCLRNCPSLVEMFNVPASLKKMTIRGCIKLESIFGKQQGMAELVQVSSSSEAIMPATVSELPSTPMNHFCPCLEDLCLSACGSLPAVLNLPPSLKTLEMDRCSSIQVLSCQLGGLQKPEATTSRSRSPIMPQPLAAATAPAAREHLLPPHLEYLTILNCAGMLGGTLRLPAPLKRLFIMGNSGLTSLECLSGEHPPSLESLWLERCSTLASLPNEPQVYRSLWSLEIRGCPAIKKLPRCLQQQLGSIKRKWLDARYEVTEFKPLKPKTWKEIPRLVRERRQACRS,MKIGTQATSLAVLHNQESHAPQAPIAVRPEPAHAIPEIPLDLAIRPRTRGIHPFLAMTLGDKGCASSSGVSLEDDSHTQVSLSDFSVASRDVNHNNICAGLSTEWLVMSSDGDAESRMDHLDYNGEGQSRGSERHQVYNDALRAALSNDDEAPFFTASTAVIEDAGFSLRREPKTVHASGGSAQLGQTVAHDVAQSGRKHLLSLRFANVQGHAIACSCEGSQFKLFDPNLGEFQSSRSAAPQLIKGLIDHYNSLNYDVACVNEFRVS,0
MVDALVSVFVERLLKALVTQSRIVFELKDQFEKLKSELQLMQSFLMDADRLKRKHQTLRTIIGSLRELVYEAEDILADCESRSKDEEQFVGRCTMCFSPSFSELPFLYQTGKRLREINQKVTDIKGNISSYLGVSFFGQTSTIAEAQNNQISRWSSSLYQHTQVVGLEEHTQKIKEWIFAANHGLLAVGIVGMGGLGKTTTAQRVFNDREVEDHFEKRMWVSVSQTFTVEQIMRSLLKNLGDGSVTDDKDELLHKIHQYLQGKRYLIVMDDVWSKDYSWWHCVSEGLPRGNGSSVIITTRIEEVARKMGVTEERTHSPKLLSEDNSWLLFRKIAFADTAGECTHPELASVGKEIVQKCKGLPLAIKAVGGIMLCKSPYLSEWRRIADNFREELVENDDSVKASLQLSYDELPSFLKSCFLCFSLYPEDSVISKEQLIHWWIGEGFLPVRNGRSALEVGKDCFSGLMNRCLIEVVDKTYNGKIVTCKMHDMVRELAINLAEEDTFSTSDGLKSRHLALKSDIDHRCFQTNLKLRALLSTPKTGEINKVASRVAAKFCECQYLRVLDLSKSIFETHLTSLLDHIGSLRHLTYLSLSNTHPLIQIPRSFDQLSNLQILDLSYCQNLKVLPSSITNLRNLIVLDVSHCGSLECLPKGLGRLSNLQALLGFRPARPDQSKGCRISELRTLARLVTLDLQLTHGDAIGDDEVDVLSDLQQLQVLTISYFGSHGTDLTQKINKLSPPQQLLELCVKFFPGDMSPSWINPVSLPLLRHLSISSGNLAKMNPSFWGNEKNVWKVEALMLEAMSDLQENWTSFQLAMPLLRVISISWCPNLSSFPIEDVGFRGGVWKKERQRQ,MASPAPAFSLANLLNGTYGVDTPEEVERVRSEQREEAAAACRNYKPLPAVDVSESVTEDAHSLRIPDGAPSEEVSVEFVTYGAEDYLEKSDDELLVAFETMVKPMRIGQLWCPAFNKCSFISSIAMARALLLAPSTSNRTMKCFEDLVAAIYTKSDFYYDDECEADDVQINISSRDVPGYSFEPWSRTSGFEPPPICEACDMIMYQCPCFDFNALKKSCAERTFADDYVIEGLDGVVDNATLLSNLGPFLVPVKCQYEKCPTPTVAIPPSLNRATDRVDINLVQSICDSTLPTHSNYDDSFHQVFGESADYSIDLDHVRLRQSDLIAKIPDSGHMIPVLNTGSGHKRVGTTKEVLTAIKKRNADVPELGDSVNLSRLSKAVAERFFISYINGNSLATSNFVNVVSNFHDYMEKWKSSGLSYDDLPDLHAENLQFYDHMIKSDVKPVVSDTLNIDRPVPATITYHKKGITSQFSPLFTALFERFQRCLRERIILPVGKISSLEMSGFDVKNKHCLEIDLSKFDKSQGEFHLMIQEHILNGLGCPAPITKWWCDFHRFSYIRDRRAGVGMPISFQRRTGDAFTYFGNTIVTMAEFAWCYDTDQFEKLLFSGDDSLGFSVLPPVGDPSKFTTLFNMEAKVMEPAVPYICSKFLLSDEFGNTFSVPDPLREVQRLGTKKIPYSDNDEFLFAHFMSFVDRLKFLDRMTQSCIDQLSPFFELKYRKSGAEAALMLGAFKKYTANFQSYKELYFSDRRQCELINSFSCVELRIERSSFIKQRKKKDGIERRRNDERRTPTGPHGGGEETETKVSQEESTGTMSQKSQREGAFKSQTVPLPTVLSSRWFGTDRDVPSRERGGIVRV,0
MDFISSLIVGCAQVLCESMNMAERRGHKTDLRQAITDLETAIGDLKAIRDDLTLRIQQDGLEGRSCSNRAREWLSAVQVTETKTALLLVRFRRREQRTRMRRRYLSCFGCADYKLCKKVSAILKSIGELRERSEAIKTDGGSIQVTCREIPIKSVVGNTTMMEQVLEFLSEEEERGIIGVYGPGGVGKTTLMQSINNELITKGHQYDVLIWVQMSREFGECTIQQAVGARLGLSWDEKETGENRALKIYRALRQKRFLLLLDDVWEEIDLEKTGVPRPDRENKCKVMFTTRSIALCNNMGAEYKLRVEFLEKKHAWELFCSKVWRKDLLESSSIRRLAEIIVSKCGGLPLALITLGGAMAHRETEEEWIHASEVLTRFPAEMKGMNYVFALLKFSYDNLESDLLRSCFLYCALFPEEHSIEIEQLVEYWVGEGFLTSSHGVNTIYKGYFLIGDLKAACLLETGDEKTQVKMHNVVRSFALWMASEQGTYKELILVEPSMGHTEAPKAENWRQALAISLLDNRIQTLPEKLICPKLTTLMLQQNSSLKKIPTGFFMHMPVLRVLDLSFTSITEIPLSIKYLVELYHLSMSGTKISVLPQELGNLRKLKHLDLQRTQFLQTIPRDAICWLSKLEVLNLYYSYAGWELQSFGEDEAEELGFADLEYLENLTTLGITVLSLETLKTLFEFGALHKHIQHLHVDECNDLLYFNLPSLTNHGRNLRRLSIKSCHDLEYLVTPADFENDWLPSLEVLTLHSLHNLTRVWGNSVSQDCLRNIRCINISHCNKLKNVSWVQKLPKLEVIELFDCREIEELISEHESPSVEDPTLFPSLKTLRTRDLPELNSILPSRFSFQKVETLVITNCPRVKKLPFQERRTQMNLPTVYCEEKWWKALEKDQPNEELCYLPRFVPN,MPVVSKAQAREVYEHSVLFHGTTLRSRRSIQRNGFRLENKSAGSITAYAGIQSNFDAAVASSSHHYFAEKKEVAKRFARMVSRHCGDRPALVRTIGVMNHFAIEEDPDAGTSCLRTNEDIPSSHVLGSKGSPAEGNARIFKGEMEADGHSISLEEAGDLLRAVQSDSDSDG,0
MEATALSVGKSVLNGALGYAKSAFAEEVALQLGIQKDHTFVADELEMMRSFMMEAHEEQDNSKVVKTWVKQVRDTAYDVEDSLQDFAVHLKRPSWWRFPRTLLERHRVAKQMKELRNKVEDVSQRNVRYHLIKGSAKATINSTEQSSVIATAIFGIDDARRAAKQDNQRVDLVQLINSEDQDLKVIAVWGTSGDMGQTTIIRMAYENPDVQIRFPCRAWVRVMHPFSPRDFVQSLVNQLHATQGVEALLEKEKTEQDLAKKFNGCVNDRKCLIVLNDLSTIEEWDQIKKCFQKCRKGSRIIVSSTQVEVASLCAGQESQASELKQLSADQTLYAFYDKGSQIIEDSVKPVSISDVAITSTNNHTVAHGEIIDDQSMDADEKKVARKSLTRIRTSVGASEESQLIGREKEISEITHLILNNDSQQVQVISVWGMGGLGKTTLVSGVYQSPRLSDKFDKYVFVTIMRPFILVELLRSLAEQLHKGSSKKEELLENRVSSKKSLASMEDTELTGQLKRLLEKKSCLIVLDDFSDTSEWDQIKPTLFPLLEKTSRIIVTTRKENIANHCSGKNGNVHNLKVLKHNDALCLLSEKVFEEATYLDDQNNPELVKEAKQILKKCDGLPLAIVVIGGFLANRPKTPEEWRKLNENINAELEMNPELGMIRTVLEKSYDGLPYHLKSCFLYLSIFPEDQIISRRRLVHRWAAEGYSTAAHGKSAIEIANGYFMELKNRSMILPFQQSGSSRKSIDSCKVHDLMRDIAISKSTEENLVFRVEEGCSAYIHGAIRHLAISSNWKGDKSEFEGIVDLSRIRSLSLFGDWKPFFVYGKMRFIRVLDFEGTRGLEYHHLDQIWKLNHLKFLSLRGCYRIDLLPDLLGNLRQLQMLDIRGTYVKALPKTIIKLQKLQYIHAGRKTDYVWEEKHSLMQRCRKVGCICATCCLPLLCEMYGPLHKALARRDAWTFACCVKFPSIMTGVHEEEGAMVPSGIRKLKDLHTLRNINVGRGNAILRDIGMLTGLHKLGVAGINKKNGRAFRLAISNLNKLESLSVSSAGMPGLCGCLDDISSPPENLQSLKLYGSLKTLPEWIKELQHLVKLKLVSTRLLEHDVAMEFLGELPKVEILVISPFKSEEIHFKPPQTGTAFVSLRVLKLAGLWGIKSVKFEEGTMPKLERLQVQGRIENEIGFSGLEFLQNINEVQLSVWFPTDHDRIRAARAAGADYETAWEEEVQEARRKGGELKRKIREQLARNPNQPIIT,MAYTVSSANQLVYLGSVWADPLELQNLCTSALGNQFQTQQARTTVQQQFSDVWKTIPTATVRFPATGFKVFRYNAVLDSLVSALLGAFDTRNRIIEVENPQNPTTAETLDATRRVDDATVAIRASISNLMNELVRGTGMYNQALFESASGLTWATTP,0
MAYAALSSLIYTLQQLLKPNQSLVCRSCTQQHLQSIYHNLSALQLFLDDTTTKDIETLKVIEKRIRDVVYKAEDTVDSSLRNIILADCTENREGACKFFEEELLKVEKDVDSLSKEVMQIDFNKHGSRSAELATTDPSSSGKSTIEEHTIVGMEDEYNTILDRLTAQTDELTVIPIFGMGGIGKTTLARKVYDDSSIRSRFDRHAWVTTSEEFNERRMLLEVVSSITTGSNQGKSDDQLMEIVYRSLKGRRFLIVIDDIWSTQAWDQMQRIFPNDDNKSRILLTTRLKYVADYVSSPDFPPHSKSFLSLDDSWNLFTEKVFNEDTCPPHLEETGKHIVQQCQGLPLSVVVVAGLVGKMDPTHDNWENVEENLNSFFGTVSERCHSILSLSYNYLPQYLRACFLYVGGFPEDKEIDVSKLIRLWIAEQFVKARSNKRLEVVAEEYLEELIDRSLILSGRQRANGRMKTCKIHDLLRQLCLSEAHTENISHIMNRNVPVSSEAIDDQRRVIVPLELEEKQVYPTRHSSGITSTTRTFISMEICLREAQTEAIYDQRRVILLSKRHRIDTIRTIIPFGDTFPKEICSIFSEFKLLKVLDVLSVWYDVSCIIPQLVHLRYVGAVILEALSLPKLRNLQTIMLTSVETTELKHSLDIWRMSEIRHLDIVPPLYISNPLEAEQPLFLNNLHTLFLRCSPFVAKIIRRTPNLKKLKILDKSKHPDWPDILDSLNLLEELETLQISTEENIDRMIFSGDNFPRNLKQLKLSGTKIPWEDMKLLANLPNLEVFKGHYAFDGTDWKLDEDVVFCKLKCLRLYERGDLQRWEAAGSDNFPMLEQLVLYGFEKLEEIPESIGEIMTLKFIKTEFCGSGVETSAKKIQEEQESWGNYELQLLITPMLRFLIENLDEISMLPPDEVAEKIKVKIFDRKLKEILESTGQIMTRKIIKTEFCSSGVETSAKKIQEQESLGNYELQVQITPRKRLLRKQDGTV,MKINLSWKTYAVLSIVSLGGIHAMEHVPAELTRVSEGYTRFYRSPTASVILSGLVKVKWDNEQMTMPLFKWIGGEQAEELHFCVHIAHSSGPKLNRARSLGTVNSNMDQHWAQAQRNSGATRRTIEGFHLFENDIPNFPDYIKIKLVPKT,0
MNFNNELSDLEKSFLFWTLRVQEYSYDTMHRIDFFLWELQVLNCFLHLQSFTFASECGMLDISQKMLEICKRFNTPPPHNAFAYWKELICKRLCAISIRPDDGFAYWKKVIWKTKQEFRAKYSFPKTLLADNKVDDDDTNPEFVMEFIDAVVGNLNVLVKINDPSSLLFVPGPKEQIEQVLKELKLLRFFVCFVSNKCIEPQYQHTTFYTHALIEASHIAMVVWLNLPIYGNRNQDLASSEVSCLLSNFMEMKIKSIQPGISRNNIYIDVLQALKSTIPQAQKKHAAESGIVEIPTHSLMVGLSDQMANLQEMLCLLKDNLIHLPILDLEFQPQDMDSVIIDAGLLIYSFYDMKGEKEDTTLEDINRELGFDLSRNIEPIKVMIYLVMQKAFQCNLPRIHGLGYVDFLLKNLKDFQGRYSDSFALHKTQIQVIQKEFESLQPFLKVVVEEPHNTFKRLSEDCAIQIIRKAHEVEYVVDACINKGIPHWRLKGWLQIIIEDITCIKEKIQEKNTVDDTMKTVIARTSSKLARTPRMNEEIVGFKDVIENLRNQLLNGTKGQDAISIHGMPGLGKTTLANTLYSDRSVVSQFDICAQCCVSQVYSYKDLLLALLCDAVGEDSDRRELPDNELADMLRKTLLPRRYLILVDDVWDNSAWDDLRGCFPDVNNRSRIILTTRHHEVAKYASVHSDPLHLRMFDKDESWKLLEKKVFGEQSCSPLLKDVGLRIAKMCGQLPLSIVLVAGILSEMEKEVECWEQVANNLGTHIHNDSRAIVNQSYHVLPCHLKSCFLYFGAFLEDEVIDISRLIRLWISESFIKSSEGRRLEDIAEGYLENLIGRNLVMVTQRADSDGKVKACRLHDVLLDFCKERAAEENFLLWINRDQSTNAVYSHKRHAHLAFTEMDSLVEWSASCSLVGSVLLKNYARRPLSSPAFSISHILLNFKFLKVLDLEHQVVIDSIPTELFYLRYLSARIEQNSIPSSISNLWNLETLILKHVSRCTVLLPSTVWDMVKLRHLHIPNFRPENEEALLENSAKLYDLETLSTPYFSRVEDAELMLRKTPNLRKLVCEVECLEYPPQYHVLNFPIRLEILKLYRSKAFNTIPFCISAPNLKYLKLSRSYMDSQYLSETADHLKNLEVLKLYFVKFADHREWKVSNGMFPQLKILKLEYLALMKWIVADDAFPNLEQLVLHECRHLMEIPSCFMDIPSLKYIEVENCNESVVKSAMNIQETQVEDYQNTNFKLVLIGIESISTDTKEKKLTVTRDVDADEVQLVVEKQRKRGML,MKIGTQATSLAVLHNQESHAPQAETAVRPEPAQAVPEIPSDLAIRPRARGIHPFLAMTLGDKGCASSSGVSLEEDSHTQASLSDFSVASRDVNHNNICAGLSTEWLVMSSDGDAESRMDHLDHNGEGQSSGTQRHQVYNDALAAALSNDDEAPFFTASTAVIEDAGFSLRREPKTVRTSGGSAQLGQTVADDVAQSGRKHLLSLRFANVQGHAIACSCEGSRFKLFDPNLGEFQSSRSAAPQLLKSLIDHYNSLNYDVACVNEFRVS,0
MQVVTGAMGTLLPKLANLLTEEYKLHKNLRGEVLFLKAELESMEAALLKISEAPIDQPPDPQVKLWARDVRDLSYDIEDSVDKFMVRVDTDVREKSRSCFRGFIDRGVRLLTRAKVRHNIGTDIKEIKSQIKEVSERRDRYKVDSVATKPIGPTIDRFRLSAMYKKVTELVAIDETSDELVKRIMGEDDESKQKLKIVSIVGVGGLGKTTLANVVYERIITMFDCSAFVSISLNPDMERIFKNMLYQLDMGKYFDIHQKTWDEAQLINELREFLRNKRYFIVVDDIWDKSTWKMIKCSLPENEHGSGIITTTRILDVGKQVGGVYQLKPLSMLDSVKLFYLRIFGYEDKCPTELAQLSENILKKCGGLPLAIITIASMLACKIGKENLHKYWSKVYQSLGSGLEDSLDIKNMRKILSISYHDLPPHLKTCLLYLSLYPEDSEINTHDLIWKWVGEGFVHRQCGRSFYEVGEEYFDELINKSLIQPAYISTGNKKEMSCRVHDMVLDLITSLSNEECFLTTLCGQQHITLNCKVRRLSVQITNENGAKQMSTLSLSHTRSLFLFSGFNLVNIPALSSFPVLRVLDLSSCLLVDNHHLKDICKYLFHLRYLDLSRTSITEIPRQIENLQLLQVLHLRGTGIRKFPSTFVQLGQLVCLTIDSTIQLPNGFGNLKHLEELEANIEIISEPNIHDLGMLTELTRLHIGFREWHKSYEEPLHQCLSNLIGLEYLRIDGCYGSLDSACDSLSQGPHQQVCSIDMWERTIHAVPNWMAGLSTLSKLEIVVERLVERDLQMLGRLPSLGHLSLGVERPTMGRDERLIIANGYLFQCLTFLYFWSHTIDVEFAQGAMPKLQNLSLFFDVEKAMDQFGHVYIGLENLAAVGHVEIIFSLSTHTRGEVVEAAIRRQICMNRNSPTLNFR,MHINRTGSSQPSIELERFYSASQSLASSSVRELSPAEHANLQAITDYLKDHVFAAHKLPLSESAVDQDAVHAHNEQLDNIIDARARRLLDEGETPATIADTFAKAEKFDRMATTASTALRATPFAAASVLQYMQPAINKGDWLPTPLKPLTPFVSGALSGIMDQVGTTVMNRATGNLHYLSTPPEKLHDAMAASVKRHSPGVMRQAVDLGIAVQTYSARNAVRTVLAPALASRPAVQGAVDISVSAAGGLAANAGFGNRMHSVQARDHLRGGAFVLGIKDQEPKADLSEETDWLVAYNAIKSASYSGAALNAGKRVAGLPLDVATDGLKAVRSLVSATGLAQNGLALAGGFAGVGKLQEMATKNITDPATKAAVSQLTNMAASAGVFAAWTTAAVATDPAVKKAESFLQDTVKSAASSSTSYVADQTVKLAKAGIDASGEAIAATGASLLDTLRRRNAREPDIEEGGIAAGSPSAVPFQPGRS,0
MDIVTGAIANLIPKLGELLVEEYKLHKDVKKDVEDLRKELQSMNAALIKIGEVPRDKLDRQDKLWAEEVRELSYIIEDVVDKFLVRVHGIQPHNNTNGFKGLMKKTSELLKKVKDKHGIAHAIKDIKKQLEEVAARRDRNKVVVPNPTEPITIDPCLRALYAEATELVGIYGKRDEELMRLLSMSGDDASTKKLKKVSIVGFGGLGKTTLARAVYEKIKGDFNCRAFVPAGQNPDMKKVLRDILIDLGNPHSDLAMLDANQLIKKLHAFLENKRYLVIIDDIWDEKLWEGINFAFSNRNNLGSRLITTTRIASVSNSCCSSDDDSVYQMEPLSNDDSRKLFYKRIFPFESGCPNEFEQVSEDILKKCGGVPLAIITIASALAGGQKVKPKCEWDVLLQSLGSGLTKDNSLVEMRRILSFSYYNLPSHLKTCLLYLCIYPEDSEIDRDRLIWKWVAEGFVHHGDQGASMFLVGLNYFNQLINRSMIQPIYDNIGQVYACRVHDMVLDLICNLSHEAKFVNLLDVTRNSTSSQSNVRRLSLQNKNEDHQAKPLTNIMSMSRVRSITIFPPAVSIMPALSRFEVLRVLDLSDCNLWKSSSLQLNLKGVGHLIHLRYLGLANTKISELPTDIGNLQFLEVLDLENNYKLDELPSTLFKLRRLIYLNVWFNKVVPTPGVLQNMTSIEVLRGVLVSLNIIAQELGNLARLRELQIQLKDGSLDLYESFVNVESLRIDCNSEETSFELMDLLGERWVPPVHLREFVSWMPSQLSALRGWIKRDPSHLSNLSKLILWQVKEVQQEDVEIIGGLLSLRHLCIQSTHQTQRLLVIPADGFRCMVNFHLNCGSAAQIMFETGALARAEEVRFSMSVRVAKEDGNCGFDLGLQGNLLSLRGNVWIYLFCGGARVGEAKEAEAALRLALEARPNHQEIQIRMYPDIVEGTHAAPN,MMHSIIFQTLLIITIVFSKVWGARSLVKIDWSGSEYTILGANHYEEPNTGAAAQFPGTMTVDDGRSPYIVRKLRNSSGKRFYVFTGHPQQPIVWNPHEEIEIQFNRKFLIAVLTEFEADSQVFNHFARRQHR,1
MEAALVTVATGVLKPVLGKLATLLGDEYKRFKGVRKEIRSLTHELAAMEAFLLKMSEEEEDPDVQDKVWMNEVRELSYDMEDAIDDFMQSIGDKDEKPDGFTEKIKATLGKLGNMKARHRIGKEIHDLKKQIIEVGDRNARYKGREIFSKAVNATVDPRALAIFEHASKLVGIDEPKAELIKLLTDEDGVASTQEQVKMVCIVGSGGMGKTTLANQVYQEMKEEFKFKAFISVSRNPDMMNILRTLLSEIGCQDYAHTEAGSIQQLISKITDYLAEKRYFIVIDDIWDVKTWDVIKCAFPMTRCGGVIITTTRLSDVACSCHSSIGGHIYNIRPLNMEHSRQLFYRRLFSSEEDCPSSLVKVSYQILEKCDGLPLAIIAIAGLLANTGRSEHQWNQVKDSIGRALERNPSVEVMIKILSLSYFDLPPHLKTCLLYLSIFPEDSIIEKKTLISRWIAEGFIRQEGRYTAYEVGVRCFNELVNRSLIQPVKKDDYKGKSCRVHDIILDFIVSKSIEENFVTFVGVPSLTTVTQGKVRRLSMQVEEKVDSILPMSLILSHVRSLNMFGNTVSIPSIMELRHLRVLDFGGNRLLENRHLAYVGMLFQLRYLNIYMTAVSELPEQIGHLQCLEMLDIRHTWVSELPASIANLGKLAHLLLSSNTGTNVKFPDGIAKMQSLEALHSVNTCNQSYNFLQGLGQLKNLRKLGINYRGVAHEDKEVIASSLGKLCTQNLCSLTMWNDDDDFLLNTWCTSPPLNLRKLVIWGCIFPKVPHWVGSLVNLQKLHLEVGRGTRHEDICILGALPALFTLGLRGSEKQPSCENRRLAVSGEAGFRCLRKFKYWRWGDWMDLMFTAKCMPRLEKLKIIFYGHAEDEAPIIPAFDFGIENLSSLTTFKCHLGYGPMATKIVDAVKASLDRVVSAHPNHLTLIFTYCCVFCKSYDCGGRCLLSRDLQSSSEST,MKLLISIFIGFLAISTSQQEDVSTPAPNFPDFCSNPNLNKNAKVKACCDAVTKAANAGSYSGADGPVPDECTLKSCGRVCNRFFHKKGENRVTEMPESKTTESESSEECECGDSGDETTTGAQPTPRNVYPSGPEPSTSGGQVASHKPPAAPSTPHPGCHQPPAAPTTKPPRNPYPSGPEPTPKQPGYPQGRASTPKQPGYPQGPASPTPRNVYPSGPEPSTPGGKVASHKPPAAPSTPQPGYPQPPAAPTTKPPRNPYPSGPEPTPKQPAPSSPTPPSSAPSVPAPPSGQYPPGSNVTSNSLTVPPLYTTKETCLPLTPDMPGVVDQWLNKPKTGRFVWHALTNAHSYGGECGLGIQYPYHACVGRDLWSPVKKWVRSCLTDIPNHYIRNDQVCVNKCVKIEYKNKTLIMPIMDETDYLKPYELDISEPAFKYLEMNPNAGWCTATVTYIRCEKLGN,0
MVDAITEFVVGKIGNYLIEEASMLIGVKDDLEELKTELRCIHGYLKDVEAREREDEASKEWSKLVLDFAYDVEDVLDTYHLKLEERSQRRGLRRLTNKIGRKMDAYNIVDDIKILKRRILDITRKRETYGIGGLKEPQGGGNTSSLRVRQLRRARSVDQEEVVVGLEDDAKILLEKLLYYEDKNRFIISIFGMGGLGKTALARKLYNSGDVKERFKYRAWTYVSQEYKTGDILMRIIRSLRMTFGEESEKIRKFAEEELEVYLHGLLEGKKYLVVVDDIWEREAWESLKRALPCNHEGSRVIITTRIKAVAEGVDGRFYAHKLRFLTFEESWELFEQRAFRNIQRKDEDLLKTGKEMVQKCRGLPLCIVVLAGLLSRKTPSEWNDVCNSLWRHLKDDSIHISTVFDLSFKDLRHESKLCFLYLSIFPEDYEIDREKLIHLLVAEGFIQGNEEETMEDVARSYIEELIDRSLLEAVRRKRRKVMSCRIHHLLRDVAIKKSKELNFVNVYNDHLAQHSSTTCRREVVHHLIRRYSSEKYKNKRTRSFLYFGESGCLVGRDSETMKLLDSETMKLLRVLHLGGLRFHFASNGDLIHLRYLGIHGYYFSYYLAFISKLRFLQTLDASLDASGHIISETVDLRKLTSLRHVIGKFFGELLIGDAANLQTLRSISSDSWNKLKHELLINLRDLEIYEYSTSEERRVPVSWASLTKLRNLRVLKLRAKCGVYLWLESEEAVRSMDMISPSLESVTLVGITFEEDPMPFFQKMPRLEGLILENCHYSGGKMSVSEQGFGRLRKLCFFMESLDELQIEEEAMPHLIELLIISKELEKLKLIIPNRLRACMR,MALVVKGKVNINEFIDLSKMEKILPSMFTPVKSVMCSKVDKIMVHENESLSEVNLLKGVKLIDSGYVCLAGLVVTGEWNLPDNCRGGVSVCLVDKRMERADEATLGSYYTAAAKKRFQFKVVPNYAITTQDAMKNVWQVLVNIRNVKMSAGFCPLSLEFVSVCIVYRNNIKLGLREKITNVRDGGPMELTEEVVDEFMEDVPMSIRLAKFRSRTGKKSDVRKGKNSSSDRSVPNKNYRNVKDFGGMSFKKNNLIDDDSEATVAESDSF,0
MAYAAVTSLMRTIHQSMELTGCDLQPFYEKLESLRAILEKSCNVTGDHEELTILEVEILEVAYTTEDMVDSESRSVFLAQNLEERNRAMWEIFFVLEQALECIDSTVKQWMATSDSMKDLKPQTSSLVSLPDHAFEQPENIMVGRENEFEMMLDQLVRGGRELEVVSIVGMGGIGKTTLATKLYSDPYIMSRFDIRAKATVSQEYCVRNVLLGLLSLTSDEPDDQLADRLQKHLKGRRYLVVIDDIWTTKAWDGIKLCFPDCYKGSRILLTTRNVEVAEYASSGKPPHHMRLMNFDESWNLLHKKIFEKEGSYSPEFENIGKQIALKCGGLPLAITVIAGLLSKISKTLDEWQNVAENVSSVVSTDLEAKCMRVLALSYHHLPSHLKPCFLYFAIFAEDERISVTKLVELWAVEGFLNEEEGKSIEEVAETCINELVDRSLISIHNLSFDGKIESCGMHDVTRELCLREARNMNFVNVIRGKSDQNSCAQSMQRSFKSRSRIRIHKLEELAWCRNSEAHSIIMLGGFECVTLELSFKLVRVLDLGLNTWPIFPSGVLSLIHLRYLSLRFNPCLQQYQGSKEAVPSSIIDIPLSISSLCYLQTFKLNLPFPSYYPFILPSEILTMPQLRTLCMDWNYLRSHEPTENRLVLKNLQCLNQLNPRYCTGSFFRLFPNLKKLQVFGVPEDFRNSQDLYDFRYLYQLEELTFRLYYPYAACFLKNTAPSGSTPQDPLRFQTEILHKEIDFGGTAPPTLLLPPPDAFPQNLKSLTFRGEFSVAWKDLSIVGKLPKLEVLILSWNAFIGKEWEVVEEGFPHLNFLFLDDVYIRYWRASSDHFPYLERLILRDCRNLDSIPRDFADITTLALIDIDYCQQSVVNSAKQIQQDIQDNYGSSIEVHTRHLFIPKSVTTVEDDDDSVTTDEDDDDDDFEKEVASCRNNVE,MDKSESISAGRNRRRRPRRGSHSASSSADATFRVLSQQLSRLNKTLAAGRPTINHPTFVGSERCKPGYTFTSITLKPPKIDKGSYYGKRLLLPDSVTEFDKKLVSRIQIRVNPLPKFDSTVWVTVRKVPASSDLSVSAISAMFADGASPVLVYQYAASGVQANNKLLYDLSVMRADIGDMRKYAVLVYSKDDALETDELVLHVDVEHQRIPTSGVLPV,0
MAEILLTSVINKSVEIAGNLLIQEGKRLYWLKEDIDWLQREMRHIRSYVDNAKAKEAGGDSRVKNLLKDIQELAGDVEDLLDDFLPKIQQSNKFNYCLKRSSFADEFAMEIEKIKRRVVDIDRIRKTYNIIDTDNNNDDCVLLDRRRLFLHADETEIIGLDDDFNMLQAKLLNQDLHYGVVSIVGMPGLGKTTLAKKLYRLIRDQFECSGLVYVSQQPRASEILLDIAKQIGLTEQKMKENLEDNLRSLLKIKRYVILLDDIWDVEIWDDLKLVLPECDSKVGSRMIITSRNSNVGRYIGGESSLHALQPLESEKSFELFTKKIFNFDDNNSWANASPDLVNIGRNIVGRCGGIPLAIVVTAGMLRARERTEHAWNRVLESMGHKVQDGCAKVLALSYNDLPIASRPCFLYFGLYPEDHEIRAFDLINMWIAEKFIVVNSGNRREAEDLAEDVLNDLVSRNLIQLAKRTYNGRISSCRIHDLLHSLCVDLAKESNFFHTAHDAFGDPGNVARLRRITFYSDNVMIEFFRSNPKLEKLRVLFCFAKDPSIFSHMAYFDFKLLHTLVVVMSQSFQAYVTIPSKFGNMTCLRYLRLEGNICGKLPNSIVKLTRLETIDIDRRSLIQPPSGVWESKHLRHLCYRDYGQACNSCFSISSFYPNIYSLHPNNLQTLMWIPDKFFEPRLLHRLINLRKLGILGVSNSTVKMLSIFSPVLKALEVLKLSFSSDPSEQIKLSSYPHIAKLHLNVNRTMALNSQSFPPNLIKLTLAYFSVDRYILAVLKTFPKLRKLKMFICKYNEEKMDLSGEANGYSFPQLEVLHIHSPNGLSEVTCTDDVSMPKLKKLLLTGFHCRISLSERLKKLSK,MKINLSWKTYAVLSIVSLGGIHAMEHVPAELTRVSEGYTRFYRSPTASVILSGLVKVKWDNEQMTMPLFKWIGGEQAEELHFCVHIAHSSGPKLNRARSLGTVNSNMDQHWAQAQRNSGATRRTIEGFHLFENDIPNFPDYIKIKLVPKT,0
MADAFLSFAVQKLGDFLIQKVSLRKSLRDEIRWLINELLFIRSFLRDAEQKQCGDQRVQQWVFEINSIANDAVAILETYSFEAGKGASRLKACACICRKEKKFYNVAEEIQSLKQRIMDISRKRETYGITNINYNSGERPSNQVTTLRRTTSYVDEQDYIFVGFQDVVQTLLAQLLKAEPRRSVLSIYGMGGLGKTTLARKLYTSPDILNSFPTRAWICVSQEYNTMDLLRTIIKSIQGCAKETLDLLEKMAEIDLENHLRDLLKECKYLVVVDDVWQREAWESLKRAFPDGKNGSRVIITTRKEDVAERVDNRGFVHKLRFLSQEESWDLFHRKLLDVRAMVPEMESLAKDMVEKCRGLPLAIVVLSGLLSHKKGLNQWQNVKDHLWKNIKEDKSIEISNILSLSYNDLSTALKQCFLYFGIFPEDQVVKADDIIRLWMAEGFIPRGEEIMEDVAEGFLNELIRRSLVQVAKTFWEKVTDCRVHDLLRDLAIQKALEVNFFDVYGPRSHSISSLCIRHGIHSEGERYLSSLDLSNLKLRSIMFFDSDFRKMSHINLRSEFQHLYVLYLDTNFGYVSMVPDAIGCLYHLKLLRLRGIHDIPSSIGNLKNLQTLVVVNGYTFFCQLPCKTADLINLRHLVVQYSEPLKYINKLTSLQVLDGVACDQWKDVDPVDLVNLRELSMDRIRSSYSLNNISSLKNLSTLKLICGERQSFASLEFVNCCEKLQKLWLQGRIEELPHLFSNTITMMVLSFSELTEDPMPILGRFPNLRNLKLDGAYEGKEIMCSDNSFSQLEFLHLRDLWKLERWDLGTSAMPLIKGLGIHNCPNLKEIPERMKDMELLKRNYML,MKLLISIFIGFLAISTSQQEDVSTPAPNFPDFCSNPNLNKNAKVKACCDAVTKAANAGSYSGADGPVPDECTLKSCGRVCNRFFHKKGENRVTEMPESKTTESESSEECECGDSGDETTTGAQPTPRNVYPSGPEPSTPGGKVASHKPPAAPSTPQPGYPQPPAAPTTKPPRNPYPSGPEPTPKQPAPSSPTPPSSAPSVPAPPSGQYPPGSNVTSNSLTVPPLYTTKETCLPLTPDMPGVVDQWLNKPKTGRFVWHALTNAHSYGGECGLGIQYPYHACVGRDLWSPVKKWVRSCLTDIPNHYIRNDQVCVNKCVKIEYKNKTLIMPIMDETDYLKPYELDISEPAFKYLEMNPNAGWCTATVTYIRCEKLGN,0
MAPAVIASQGVIMRSLTSKLDSLLLQPPEPPPPAQPSSLRKGERKKILLLRGDLRHLLDDYYLLVEPPSDTAPPPDSTAACWAKEVRELSYDVDDFLDELTTQLLHHRGGGDGSSTAGAKKMISSMIARLRGELNRRRWIADEVTLFRARVKEAIRRHESYHLGRRTSSSRPREEDDDDDREDSAGNERRRFLSLTFGMDDAAVHGQLVGRDISMQKLVRWLADGEPKLKVASIVGSGGVGKTTLATEFYRLHGRRLDAPFDCRAFVRTPRKPDMTKILTDMLSQLRPQHQHQSSDVWEVDRLLETIRTHLQDKRYFIIIEDLWASSMWDIVSRGLPDNNSCSRILITTEIEPVALACCGYNSEHIIKIDPLGDDVSSQLFFSGVVGQGNEFPGHLTEVSHDMIKKCGGLPLAITITARHFKSQLLDGMQQWNHIQKSLTTSNLKKNPTLQGMRQVLNLIYNNLPHCLKACLLYLSIYKEDYIIRKANLVRQWMAEGFINSIENKVMEEVAGNYFDELVGRGLVQPVDVNCKNEVLSCVVHHMVLNFIRCKSIEENFSITLDHSQTTVRHADKVRRLSLHFSNAHDTTPLAGLRLSQVRSMAFFGQVKCMPSIADYRLLRVLILCFWADQEKTSYDLTSIFELLQLRYLKITGNITVKLPEKIQGLQHLQTLEADARATAVLLDIVHTQCLLHLRLVLLDLLPHCHRYIFTSIPKWTGKLNNLRILNIAVMQISQDDLDTLKGLGSLTALSLLVRTAPAQRIVAANEGFGSLKYFMFVCTAPCMTFVEGAMPSVQRLNLRFNANEFKQYDSKETGLEHLVALAEISARIGGTDDDESNKTEVESALRTAIRKHPTPSTLMVDIQWVDWIFGAEGRDLDEDLAQQDDHGYGFFILFPGYNLQGLLSFFLSLPWLLSLPAMHLQPDLMIV,MLFYSLLFFFHTVAISAFTNIGTFSHPVYDYNPIPNHIHGDLKRRAYIERYSQCSDSQASEIRAALKSCAELASWGYHAVKNDNRLFRLIFKTDSTDIQNWVQKNFNEIYKECNRDADEISLTCHDKNVYTCVREGVHNLAYALINEKEIVICPPFFNNPVNSREITAGNQDTVILHEMVHIILKEWKDYGCEWHGIHKLDSTESIKNPDSYAIFAQCARYKYC,1
MAPAVSASQGVIMRSLTSKLDSLLLQPPEPPPPAQPSSLRKGERKKILLLRGDLRHLLDDYYLLVEPPSDTAPPPDSTAACWAKEVRELSYDVDDFLDELTTQLLHHRGGGDGSSTAGAKKMISSMIARLRGELNRRRWIADEVTLFSARVKEAIRRQESYHLGRRTSSSRPREEVDDDDREDSAGNERRRFLSLTFGMDDAAVHGQLVGRDISMQKLVRWLADGEPKLKVASIVGSGGVGKTTLATEFYRLHGRRLDAPFDCRAFVRTPRKPDMTKILTDMLSQLRPQHQHQSSDVWEVDRLLETIRTHLQDKRYFIIIEDLWASSMWDIVSRGLPDNNSCSRILITTEIEPVALACCGYNSEHIIKIDPLGDDVSSQLFFSGVVGQGNEFPGHLTEVSHDMIKKCGGLPLAITITARHFKSQLLDGMQQWNHIQKSLTTSNLKKNPTLQGMRQVLNLIYNNLPHCLKACLLYLSIYKEDYIIRKANLVRQWMAEGFINSIENKVMEEVAGNYFDELVGRGLVQPVDVNCKNEVLSCVVHHMVLNFIRCKSIEENFSITLDHSQTTVRHADKVRRLSLHFSNAHDTTPLAGLRLSQVRSMAFFGQVKCMPSIADYRLLRVLILCFWADQEKTSYDLTSISELLQLRYLKITGNITVKLPEKIQGLQHLQTLEADARATAVLLDIVHTQCLLHLRLVLLDLLPHCHRYIFTSIPKWTGKLNNLRILNIAVMQISQDDLDTLKGLGSLTALSLLVRTAPAQRIVAANEGFGSLKYFMFVCTAPCMTFVEGAMPSVQRLNLRFNANEFKQYDSKETGLEHLVALAEISARIGGTDDDESNKTEVESALRTAIRKHPTPSTLMVDIQWVDWIFGAEGRDLDEDLAQQDDHGYGFFILFPGYNLQGLLSFFLSLPWLLSLPSMHLQPDLMIV,MKIGTQATSLAVLHNQESHAPQAETAVRPEPAQAVPEIPSDLAIRPRARGIHPFLAMTLGDKGCASSSGVSLEEDSHTQASLSDFSVASRDVNHNNICAGLSTEWLVMSSDGDAESRMDHLDHNGEGQSSGTQRHQVYNDALAAALSNDDEAPFFTASTAVIEDAGFSLRREPKTVRTSGGSAQLGQTVADDVAQSGRKHLLSLRFANVQGHAIACSCEGSRFKLFDPNLGEFQSSRSAAPQLLKSLIDHYNSLNYDVACVNEFRVS,0
MELVVGASEATMKSLLGKLGNLLAQEYALISGIRGDIQYINDELASMQAFLRDLSNVPEGHSHGHRMKDWMKQIRDIAYDVEDCIDDFAHRLPQDSISDAKWSFLLTKIYELWTWWPRRVIASNIAQLKVRAQQIADRRSRYGVNNPEHLDSSSSARTRAVNYEIAEYQVTSPQIIGIKEPVGMKTVMEELEVWLTNPQAENGQAVLSIVGFGGVGKTTIATALYRKVSDKFQCRASVAVSQNYDQGKVLNSILSQVSNQEQGSSTTISEKKNLTSGAKSMLKTALSLLRGNCICQPENDGNPDNTPIRLQETTDDDQNPRKLEQLLAEKSYILLIDDIWSAETWESIRSILPKNNKGGRIIVTTRFQAVGSTCSPLETDRLHTVDFLTDDESQNLFNTSICESKIRKDSNKVDEQVPEEIWKICGGLPLAIVTMAGLVACNPRKACCDWSKLCKSLFPEQETPLTLDGVTRILDCCYNDLPADLKTCLLYLSIFPKGWKISRKRLSRRWIAEGFANEKQGLTQERVAEAYFNQLTRRNLVRPMEHGSNGKVKTFQVHDMVLEYIMSKSIEENFITVVGGHWQMTAPSNKVRRLSMQSSGSNRGSSTKGLNLAQVRSLTVFGNLNHMPFHSFNYGIIQVLDLEDWKGLKERHMTEICQMLLLKYLSIRRTEISKIPSKIQKLEYLETLDIRETYVRDLPKSIVQLKRIISILGGNKNTRKGLRLPQEKSKKPIKNPSPQGKTKEPAKKGFLSQEKGKGAMKALRVLSGIEIVEESSEVAAGLHQLTGLRKLAIYKLNITKGGDTFKQLQSSIEYLGSCGLQTLAINDENSEFINSLGDMPAPPRYLVALELSGKLEKLPKWITSITTLNKLTISVTVLRTETLEILHILPSLFSLTFAFSLSAAKQDQDIIKDILENNKLDSDGEIVIPAEGFKSLKLLRFFAPLVPKLSFLDKNAMPALEIIEMRFKDFEGLFGIEILENLREVHLKVSDGAEAITKFLVNDLKVNTEKPKVFVDGIVTA,MDKSESISAGRNRRRRPRRGSHSASSSADATFRVLSQQLSRLNKTLAAGRPTINHPTFVGSERCKPGYTFTSITLKPPKIDKGSYYGKRLLLPDSVTEFDKKLVSRIQIRVNPLPKFDSTVWVTVRKVPASSDLSVSAISAMFADGASPVLVYQYAASGVQANNKLLYDLSVMRADIGDMRKYAVLVYSKDDALETDELVLHVDVEHQRIPTSGVLPV,0
MLTSSSHHGRSYDVFLSFRGEDTRKTFVGHLFNALIEKGIHTFMDDKELKRGKSISSELMKAIGESRFAVVVFSKNYASSTWCLEELVKILEIHEKFELIVVPVFYDVDPSTVRKQNGEYAVCFTKFEANLVDDRDKVLRWREALTKVANISGHDLRNTYNGDESKCIQQILKDIFDKFCFSISITNRDLVGIESQIKKLSSLLRMDLKGVRLVGIWGMGGVGKTTAARALFNRYYQNFESACFLEDVKEYLQHHTLLYLQKTLLSKLLKVEFVDCTDTEEMCVILKRRLCSKKVLVVLDDVNHNDQLDKLVGAEDWFGSGSRIVITTRDMKLLKNHDVHETYEIKVLEKDEAIELFNLHAFKRSSPEKEFKELLNLVVDYTGGLPLALKVLGSLLYKEDLDVWISTIDRLKDNPEGEIMATLKISFDGLRDYEKSIFLDIACFFRGYNQRDMTALFHASGFHPVLGVKTLVEKSLIFILEDKIQMHDLMQEMGRQIAVQESPMRRIYRPEDVKDACIGDMRKEAIEGLLLTEPEQFEEGELEYMYSAEALKKTRRLRILVKEYYNRGFDEPVAYLPNSLLWLEWRNYSSNSFPSNFEPSKLVYLTMKGSSIIELWNGAKRLAFLTTLDLSYCHKLIQTPDFRMITNLERLILSSCDALVEVHPSVGFLKNLILLNMDHCISLERLPAIIQSECLEVLDLNYCFNLKMFPEVERNMTHLKKLDLTSTGIRELPASIEHLSSLENLQMHSCNQLVSLPSSIWRFRNLKISECEKLGSLPEIHGNSNCTRELILKLVSIKELPTSIGNLTSLNFLEICNCKTISSLSSSIWGLTSLTTLKLLDCRKLKNLPGIPNAINHLSGHGLQLLLTLEQPTIYERLDLLRIIDMSWCSCISSLPHNIWMLKFLRILCISYCSRLEYLPENLGHLEHLEELLADGTGILRLPSSVARLNKLEVLSFRKKFAIGPKVQYSSSMLNLPDDVFGSLGSLGSVVKLNLSGNGFCNLPETMNQLFCLEYLDITFCQRLEALPELPPSIKELYVDEHLALRIMEDLVIKCKELNLIAVTKIEYQNFYRWLDSIWSDVSELLENSQKQQLDDMLQLIPFSYLSTAKREEVLKIVIHGTRIPEWFRWQDRSATTMSVNLPEYWYTENFLGFAICCSCCFYHSARSYDVEFEGSMHHYNYDSSYWKEYEEPSYDFYERDSIEITAKLTPRHKGMRTEELKKVCSFSMNVLRRATAVPNMCFAFFPFNSLCHISNLQANNPNDYGIFETCLSPGDIRHRGKQWGFNLVYKDETGGSVTHEMLINR,MHRPITAGHTTSRLILDQSKQISRTPSESSAQSALSQQASMSSPVLERSKSAPTLLTAAQRTMLAQVGACNAHLTSDENMAINELRLHKPRLPKDTWFFTDPNKDPDDVVTYTLGKQLQAEGFVHITDVVATLGDAEVRSQRAEMAKGVFNKLELHDVHVSRGRDYAMNSLQSKEHAKFLLEGHALRAGPGEIHRDSLQDMSRRLARAPHGVGIVVIAGMSDINALITTCPDMVRERVDDITIMGGVEPLKDADGFVQPDARAYNNATDMDAARSLYRKAQELGIPLRIVTKEAAYKTAVSPSFYEGIAGSGHPVGHYLRDVQKSALKGLWEGIQAGLLPGLDDSWFFRTFMPNAQIEVAQLDKNKESSFEDIWPKVTKLNLYDPLTLLASVPGAAKLLFKPKAIHTEGFGVVEQVGPDDVTHPEKAKLLMSALAKSALVQSTVAPD,1
MAPAVSASQGVIMRSLTSKLDSLLLQPPEPPPPAQPSSLRKGERKKILLLRGDLRHLLDDHYLLVEPPSDTAPPPDSTVACWAKEVRELSYDVDDFLDELTTQLLHHRGGGDGSSTAGAKKMISSMIARLRGELNRRRWIADEVTLFRARVKEAIRRHESYDLGRRTSSSRPREEDDDDDREDSAGNERRRFLSLTFGMDDAAVHGQLVGRDISMQKLVRWLADGEPKLKVASVVGSGGVGKTTLATEFYRLHGRRLDAPFDCRAFVRTPRKPDMTKILTDMLSQLRPQHQHQSSDVWEVDRLLETIRTHLQDKKYFIIIEDLWASSMWDIVSRGLPDNNSCSRILITTEIEPVALACCGYNSEHIIKIDPLGDDVSSQLFFSGVVGQGNEFPGYLTEVSHDIIKKCGGLPLAITITARHFKSQLLDGMQQWNHIQKSLTTSNLKKNPTLQGMRQVLNLIYNNLPHCLKACLLYLSIYKEDYIIRKANLVRQWMAEGFINSIENKVMEEVAGNYFDELVGRGLVQPVDVNCKNEVLSCVVHHMVLNFIRCKSIEENFSITLDHSQTTVRHSDKVRRLSLHFSNAHDTTPLAGLRLSQVRSMAFFGQVKCMPSIADYRLLRVLILCFWADQEKTSYDLTSISELIQLRYLKITGNITVKLPEKIQGLQHLQTLEADARATAVLLDIVHTQCLLHLRLVLLDLLPHCHRYIFNSIPKWTGKLNNLCILNIAVMQISQDDLDTLKGLGSLTALSLLVRTAPAQRIVAANEGFGSLKYFMFVCTAPCMTFVEGAMPSVQRLNLRFNANEFKQYDSKETGFEHLVALAEISARIGGTDDDESNKTEVESALRTAIRKHPTPSTLMVDIQWVDWIFGAEGRDLDEDLAQQDDNGYGFFILFPGYNLQGLLSFFLSLPWLLSLPSMHLQPDLMIV,MWRLFLALIAATAILVHSPASALTTSTTGMTQTTPSLSVPVYVGKPSKDFSTRHLRIRHMKDDKVGDSEKNEERLIKTFESWVRYKLLQLHPKFRQVKLHPGRVFTLLGLDGLHEMAIYHPGWKRYVDYSQKWRSNNRLKRF,0
MAERVVTMAIGPLVSMLKDKASSYLLDQYKVMEGMEEQHKILKRKLPAILDVITDVEEQAMAQREGAKAWLQELRTVAYVANEVFDEFKYEALRREAKKNGHYIKLGFDVIKLFPTHNRVAFRYKMGRKLCLILQAVEVLIAEMQVFGFKYQPQPPVSKEWRHTDYVSIDPQEIASRSRHEDKKNIIGILVDEASNADLTVVPVVAMGGLGKTTLAQLIYNDPEIQKHFQLLLWVCVSDTFDVNSLAKSIVEASPNKNVDTDKPPLDRLQKLVSGQRYLLVLDDVWDNKELRKWERLKVCLQHGGMGSAVLTTTRDKRVSEIMGADRAAYNLNALEDHFIKEIIEARAFSSKKEKPIELVEVVDEIVKRCCGSPLAATALGSVLCTKTSVKEWKAVSSGTSVCTDETGILPILKLSYNDLPAHMKQCFAFCAVFPKDYKINVEKLIQLWIANGFILEYKEDSPETFGKHIFDELVSRSFFLDLEESKDYSGYYSSTCKIHDLMHDIAMSVMEKECVVATMEPSEIEWLPDTARHLFLSCEEAERILNDSMQERSPAIQTLLCNSDVFSPLQHLSKYNTLHALKLCLGTESFLLKPKYLHHLRYLDLSESSIKALPEDISILYNLQVLDLSYCNYLDRLPRQMKYMTSLCHLYTHGCWNLKSMPPGLENLTKLQTLTVFVAGVPGPDCADVGELHGLNIGGRLELCQVENVEKAEAEVANLGGQLELQHLNLGDQLELRRVENVKKAEAKVANLGNKKDLRELTLRWTEVGDSKVLDKFEPHGGLQVLKIYKYGGKCMGMLQNMVEIHLSGCERLQVLFSCGTSFTFPKLKVLTLEHLLDFERWWEINEAQEEQIIFPLLEKLFIRHCGKLIALPEAPLLGEPSRGGNRLVCTPFSLLENLFIWYCGKLVPLREAPLVHESCSGGYRLVQSAFPALKVLALEDLGSFQKWDAAVEGEPILFPQLETLSVQKCPKLVDLPEAPKLSVLVIEDGKQEVFHFVDRYLSSLTNLTLRLEHRETTSEAECTSIVPVDSKEKWNQKSPLTVLELGCCNSFFGPGALEPWDYFVHLEKLEIDRCDVLVHWPENVFQSLVSLRTLLIRNCKNLTGYAQAPLEPLASERSQHPRGLESLCLRNCPSLVEMFNVPASLKKMTIGGCIKLESIFGKQQGMAELVQVSSSSEAIMPATVSELPSTPMNHFCPCLEDLCLSACGSLPAVLNLPPSLKTLEMDRCSSIQVLSCQLGGLQKPEATTSRSRSPIMPQPLAAATAPAAREHLLPPHLEYLTILNCAGMLGGTLRLPAPLKRLFIMGNSGLTSLECLSGEHPPSLESLWLVRCSTLASLPNEPQVYRSLWSLEITGCPAIKKLPRCLQQQLGSIKRKWLDARYEVTEFKPLKPKTWKEIPRLVRERRQACRS,KAMDASKGKILLNIEGTSSFGTYESDSITESEGYDLSARMIVDTNHHISNWKNDLFVGNGKQNANKVIKICPTWDSRKQYMMISRIVIWVCPTIPNPTGKLVVALIDPNMPSGKQVILKGQGTITDPICFVFYLNWSIPKMNNTPENCCQLHLMCSQEYKKGVSFGSVMYSWTKEFGDSPRADKDKSCMVIPLNRAIRARSQAFIEACKLIIPKGNSEKQIKKQLKELSSNLERSVEEEEEGISDSVAQLSFDEI,0
MEIGLAVGGAFLSSALNVLFDRLAPHGDLLNMFQKNKNDVRLLKKLKMTLVGLQVVLSDAENKQASNQHVSQWFNELRGAVDGAENLMELVNYEALRRKVEGRHQNLAETSNQQVSDRKLNLSDDYFLDIKEKLEETIETLEDLQKQIGDLGLQKHLDLGKKLETRTPSTSLVDESKILGRMIEKERLIDRLLSSDSNGENLTVVPIVGMGGVGKTTLAKIVYNDKKVKDHFDLKAWFCVSEAYDAFRITKGLLQEIGSFDLKDDNNLNQLQVKLKESLKGKRFLVVLDDLWNDDCDEWDDLKNLFVQGAMGSKILVTTRKEDVALMMGNGAINVETLSDEVSWDLFKQHSLKNRDPEEHPELEEVGKRIADKCKGLPLALKALAGILCRKSEVYEWKNVLRSEIWELPRRKNGILPELMLSYNDLPAHLKQCFAFCAIYPKDYKFCKEQVIHLWIANGLVQQLHSGNQYFNELRSRSLFERVPESSERYGGKFLMHDLVNDLAQIASSKLCVRLEECQGSHILEQSRHTSYSMGRDGDFEKLKPLSKSEQLRTLLPISIQFLYRPKLSKRVLHNILPRLTYLRALSLSCYAIVELPKDLFIKFKLLRFLDLSQTEITKLPDSICALYNLETLLLSSCDDLEELPLQMEKLINLRHLDISNTSRLKMPLHLSKLKSLQVLVGAKFLLGGPCGWRMEDLGEAHYMYGSLSILELQNVVDRREAQKAKMRDKKKNHVEKLSLEWSGSDADNSQTERDILDELRPHTKIKEVEISGYRGTQFPNWLADDSFLKLLVQLSLSNCKDCFSLPALGQLPCLKFLSIRKMHRITEVTEEFYGSPSSEKPFNSLEKLEFAEMPEWKQWHVLGIGEFPALRDLSIEDCPKLVGNFLENLCSLTKLRISICPELNLETPIQLSSLKWFEVSGSSKAGFIFDEAELFTLNILNCNSLTSLPISTLPSTLKTIWICRCRKLKLEAPDSSRMISDMFLEELRLEECDSISSPELVPRARTLTVKRCQNLTRFLIPNGTERLDIWGCENLEIFSVVCGTQMTFLNIHSCAKLKRLPECMQELLPSLKELHLWNCPEIESFPDGGLPFNLQLLVINYCEKLVNGRKEWRLQRLHSLRELFINHDGSDEEIVGGENWELPCSIQRLVIVNLKTLSSQLLKSLTSLESLDIRNLPQIRSLLEQGLPSSFSKLYLYSHDELHSLQGLQHLNSVQSLLIWNCPNLQSLAESALPSCLSKLTIRDCPNLQSLPKSAFPSSLSELTIENCPNLQSLPVKGMPSSLSILSIYKCPFLEPLLEFDKGEYWPKIAHIPEIYIGRTMFDCECL,MSYTVNSPSQLVYLSSAWADPTDLLNLCTNSLGNQFQTQQARTTVQQQFSDVWKPTPQAGVRFPASGFKVYRYNAVLDPLITALLGTFDTRNRIIEVENQQNPTTAETLDATRRVDDATVAIRSAINNLANELVRGTGMYNQTSFESMAGLTWTTTPPSG,1
MVDAITEFVVGKIGNYLIEEASMFMAVKEDLEELKTELTCIHGYLKDVEAREREDEVSKEWSKLVLDFAYDVEDVLDTYHLKLEERSQRRGLRRLTNKIGRKMDAYSVVDDIKILKRRILDITRKRETYGIGGLKEPQGGGNTSSLRVRQLRRARSVDQEEVVVGLADDAKILLEKLLDYDEKNRFIISIFGMGGLGKTALARKLYNSGDVKRRFEYRAWTYVSQEYKTGDILMRIIKSLGMTSGEELEKIRMFAEEELEVYLHGLLEGKKYLVVVDDIWEREAWESLKRALPCNHEGSRVIITTRIKAVAEGLDGRFYAHKLRFLTFEESWELFEQRAFRNIQRKDEDLLKTGKEMVQKCRGLPLCIVVLAGLLSRKTPSEWNDVCNSLWRRLKDDSIHVAPIVFDLSFKELRHESKLCFLYLSIFPEDYEIDLEKLIRLLVAEGFIQGDEEMMMEDVARYYIEELIDRSLLEAVRRERGKVMSCRIHDLLRDVAIKKSKELNFVNVYNDHVSQHSSTTCRRQVVNHQIKRFARNKRMRSFLYFGELKFLVRLDVEKLKLLRVLDLEALLGPFASNGDLIHLRYLRFDGFSLRVFDIAAIISKSRFLQTLDADHVCFIYDTIDLRKFTSLRHVIGKFVGELLIGDAANLQTLRSISSDSWSKLKHELLINLRDLEIYEDYNKSKERRVTVSWASLTKLRSLRVLKLVADRRYLSLESEEAVRSMDVISPSLESVTLVGITFEEDPMPFLQKMPRLEDLIFENCDYWGGKMSVSEQGFGRLRKLKLFINRLDELQIEEEAMPNLIELVVQTDNSKPIASV,MHFSTIFIPFALAALKVSAAPARFCVYYDGHLPATRVLLMYVRIGTTATITARGHEFEVEAKDQNCKVILTNGKQAPDWLAAEPY,0
MAASAALVFAGKSVATSAISFLVNKAFSYIDEYCKSENMDELKNRLLRAMPHIQAVFDVVNPELVREQSSGLDAWLWQLRDAVEAAEDAIDELEYYELEEKAKDQKVSEWGSPLGKMKHKFVRSFGPAINKTIKKISHRDTLKRLMKSVDDLDKAAVGVSDFLKLTDHLNGGSSTSSQQLMDNDRQTSSTSSATNFVGREKEKEQIIGWLANTSDELGETMVIKTNSIPIISVIGHGGMGKTALAQSICGQDEVVKHFKVIWTTISTSFDATSVTSKILEDATRVKPSSDHLEPLQRDLKEKLASINFLLVLDDVWEDKKRDEWEKLFAPLKELNTTGSKILLTTRMQSVADMAAKVMGVERDKFLTLQGLEDDKNLKLFGHHAFSGLNPRDDAYLMVIGEQIAKKLRGCPLVTKVVAEHLQSNITPEYWRKFLHQGLEHFKGTEKDIMKVLRLSYYHLPTELQICFRYCCLFPQDYIFEKKELVQMWIGSGLIASGIQSLEDTAEQFLAQLTRKSFFDKKPIWAQSEFYVMHDLMHELASNVSTGECARIVDPVQLQDEKYTVRHLCIANIHSFSADEVKKISHFKNLRTIIIDCMPPLENDTLCALQMIVETSKSLRLFHSAQLWNTSRFAVNFGNLKHLRYICVSSIPQDKICGVARLYHLMVLHHGSSGTKIDEARYLGNLERLRYVSYGVHGFGNFPISRLTSLQELHNYRVEERTCNQISAVGSLRDLRRLGLQGLENVKNWEEAKNAKLKEKQYLNSLFMEWSTPDQIMTDNLVLDHLEPHVNIRELQIGGYPGLKIPSWIENCSVRNLISLKLISCINWDYIPSLCQLVLLELLVLDNLPKLRQIGRSSDMSKSSSMELLLPQSLNTLEVSKCQKLRELPLLPPSLISLKIHDVWLTKFPIIGKVSSESIESKSSKLINVRVTNCPHLTSLEGSLLEQKLYMGTLRVLTIVDCKHLESASIPFEEMKQLKELAVMQCPKLRTMRDAKDKLVPSSLRELAIGGCGDLELPLLGSLQLLTNLSGLELQNCSSLLSLPSADVFKSFRSLQNIHVTRCENLSSLGGLGSLSSLQQLAISKCSKLTEAGSSLLSGSGDAEEHLVEPGNSLRISVLSLDLPSLLLHEPLKSLCHTEYLCINGCSETKSLPERWLLQNRSSLRHLGILKAESLESLPPSMQDLCSLKSLYLDGALLLRSLPYLPSSLKNLNITECHPDLEKKITKHGSSELNKIAHIPDVTIGGWHFLMGKKFSREAYHKLSDSDRNRFMSESSLH,MHYITPIILMSIGQFLDILLGAGGLVGAMTPHHQINCNSPYLTFPRLTAKCDSCQLHTKVTNLVSCTSCRKSSLVYEECSTKGCPANWHKSTCQEHKFKRGILHSRCENCQQHKKETQTISCKNCKNSASTFPYCSSPECHSRW,0
METSSISTVEDKPPQHQVFINFRGADLRRRFVSHLVTALKLNNINVFIDDYEDRGQPLDVLLKRIEESKIVLAIFSGNYTESVWCVRELEKIKDCTDEGTLVAIPIFYKLEPSTVRDLKGKFGDRFRSMAKGDERKKKWKEAFNLIPNIMGIIIDKKSVESEKVNEIVKAVKTALTGIPPEGSHNAVVGALGNSNAGTSSGDKKHETFGNEQRLKDLEEKLDRDKYKGTRIIGVVGMPGIGKTTLLKELYKTWQGKFSRHALIDQIRVKSKHLELDRLPQMLLGELSKLNNPHVDNLKDPYSQLHERKVLVVLDDVSKREQIDALREILDWIKEGKEGSRVVIATSDMSLTNGLVDDTYMVQNLNHRDSLQLFHYHAFIDDQANPQKKDFMKLSEGFVHYARGHPLALKVLGGELNKKSMDHWNSKMKKLAQSPSPNIVSVFQVSYDELTTAQKDAFLDIACFRSQDKDYVESLLASSDLGSAEAMSAVKSLTDKFLINTCDGRVEMHDLLYKFSREVDLKASNQDGSRQRRLWLHQHIIKGGIINVLQNKMKAANVRGIFLDLSEVEDETSLDRDHFINMGNLRYLKFYNSHCPQECKTNNKINIPDKLKLPLKEVRCLHWLKFPLETLPNDFNPINLVDLKLPYSETEQLWEGDKDTPCLRWVDLNHSSKLCSLSGLSKAEKLQRLNLEGCTTLKAFPHDMKKMKMLAFLNLKGCTSLESLPEMNLISLKTLTLSGCSTFKEFPLISDNIETLYLDGTAISQLPMNMEKLQRLVVLNMKDCKMLEEIPGRVGELKALQELILSDCLNLKIFPEIDISFLNILLLDGTAIEVMPQLPSVQYLCLSRNAKISCLPVGISQLSQLKWLDLKYCTSLTSVPEFPPNLQCLDAHGCSSLKTVSKPLARIMPTEQNHSTFIFTNCENLEQAAKEEITSYAQRKCQLLSYARKRYNGGLVSESLFSTCFPGCEVPSWFCHETVGSELEVKLLPHWHDKKLAGIALCAVISCLDPQDQVSRLSVTCTFKVKDEDKSWVPYTCPVGSWTRHGGGKDKIELDHVFIGYTSCPHTIKCHEEGNSDECNPTEASLKFTVTGGTSENGKYKVFKCGLSLVYAKDKDKNSALETKYDMLIGKSFQETSEGVDGRVKKTKGKYVMPVEKNFQETTEGVDGRVKKKKKTRMDNGRPKKKQRSGRDDNQTRMQVELQEGNINSVIMHTVKNF,MSYSITTPSQFVYLSSAWADPIELINLCTNALGNQFQTQQARTVVQRQFSEVWKPSPQVTVRFPDSDFKVYRYNAVLDPLVTALLGAFDTRNRIIEVENQANPTTAETLDATRRVDDATVAIRSAINNLVVELIRGTGSYNRSSFESSSGLVWTSGPAT,0
MELVVGASEATMKSLLGKLGNLLAQEYALISGIRGDIQYINDELASMQAFLRDLSNVPEGHSHGHRMKDWMKQIRDIAYDVEDCIDDFAHRLPQDSISDAKWSFLLTKIYELWTWWPRRVIASNIAQLKVRAQQIADRRSRYGVNNPEHLDSSSSARTRAVNYEIAEYQVTSPQIIGIKEPVGMKTVMEELEVWLTNPQAENGQAVLSIVGFGGVGKTTIATALYRKVSEKFQCRASVAVSQNYDQGKVLNSILSQVSNQEQGSSTTISEKKNLTSGAKSMLKTALSLLRGNCICQPENDGNPDNTPIRLQETTDDDQNPRKLEQLLAEKSYILLIDDIWSAETWESIRSILPKNNKGGRIIVTTRFQAVGSTCSPLETDRLHTVDFLTDDESQNLFNTSICESKIRKDSNKVDEQVPEEIWKICGGLPLAIVSMAGLVACNPRKACCDWSKLCKSLFPEQETPLTLDGVTRILDCCYNDLPADLKTCLLYLSIFPKGWKISRKRLSRRWIAEGFANEKQGLTQERVAEAYFNQLTRRNLVRPMEHGSNGKVKTFQVHDMVLEYIMSKSIEENFITVVGGHWQMTAPSNKVRRLSMQSSGSNRGSSTKGLNLAQVRSLTVFGNLNHVPFHSFNYGIIQVLDLEDWKGLKERHMTEICQMLLLKYLSIRRTEISKIPSKIQKLEYLETLDIRETYVRDLPKSIVQLKRIISILGGNKNTRKGLRLPQEKSKKPIKNPSPQGKTKEPAKKGFLSQEKGKGAMKALRVLSGIEIVEESSEVAAGLHQLTGLRKLAIYKLNITKGGDTFKQLQSSIEYLGSCGLQTLAINDENSEFINSLGDMPAPPRYLVALELSGKLEKLPKWITSITTLNKLTISVTVLRTETLEILHILPSLFSLTFAFSLSAAKQDQDIIKDILENNKLDSDGEIVIPAEGFKSLKLLRFFAPLVPKLSFLDKNAMPALEIIEMRFKDFEGLFGIEILENLREVHLKVSDGAEAITKFLVNDLKVNTEKPKVFVDGIVTA,MKIAPVAINHSPLSREVPSHAAPTQAKQTNLQSEAGDLDARKSSASSPETRALLATKTVLGRHKIEVPAFGGWFKKKSSKHETGGSSANADSSSVASDSTEKPLFRLTHVPYVSQGNERMGCWYACARMVGHSVEAGPRLGLPELYEGREGPAGLQDFSDVERFIHNEGLTRVDLPDNERFTHEELGALLYKHGPIIFGWKTPNDSWHMSVLTGVDKETSSITFHDPRQGPDLAMPLDYFNQRLAWQVPHAMLYR,0
MTNCEKDEEFVCISCVEEVRYSFVSHLSEALRRKGINNVVVDVDIDDLLFKESQAKIEKAGVSVMVLPGNCDPSEVWLDKFAKVLECQRNNKDQAVVSVLYGDSLLRDQWLSELDFRGLSRIHQSRKECSDSILVEEIVRDVYETHFYVGRIGIYSKLLEIENMVNKQPIGIRCVGIWGMPGIGKTTLAKAVFDQMSSAFDASCFIEDYDKSIHEKGLYCLLEEQLLPGNDATIMKLSSLRDRLNSKRVLVVLDDVCNALVAESFLEGFDWLGPGSLIIITSRDKQVFRLCGINQIYEVQGLNEKEARQLFLLSASIMEDMGEQNLHELSVRVISYANGNPLAISVYGRELKGKKKLSEMETAFLKLKRRPPFKIVDAFKSSYDTLSDNEKNIFLDIACFFQGENVNYVIQLLEGCGFFPHVEIDVLVDKCLVTISENRVWLHKLTQDIGREIINGETVQIERRRRLWEPWSIKYLLEYNEHKANGEPKTTFKRAQGSEEIEGLFLDTSNLRFDLQPSAFKNMLNLRLLKIYCSNPEVHPVINFPTGSLHSLPNELRLLHWENYPLKSLPQNFDPRHLVEINMPYSQLQKLWGGTKNLEMLRTIRLCHSQHLVDIDDLLKAENLEVIDLQGCTRLQNFPAAGRLLRLRVVNLSGCIKIKSVLEIPPNIEKLHLQGTGILALPVSTVKPNHRELVNFLTEIPGLSEASKLERLTSLLESNSSCQDLGKLICLELKDCSCLQSLPNMANLDLNVLDLSGCSSLNSIQGFPRFLKQLYLGGTAIREVPQLPQSLEILNAHGSCLRSLPNMANLEFLKVLDLSGCSELETIQGFPRNLKELYFAGTTLREVPQLPLSLEVLNAHGSDSEKLPMHYKFNNFFDLSQQVVNDFFLKALTYVKHIPRGYTQELINKAPTFSFSAPSHTNQNATFDLQPGSSVMTRLNHSWRNTLVGFGMLVEVAFPEDYCDATDVGISCVCRWSNKEGRSCRIERNFHCWAPGKVVPKVRKDHTFVFSDVNMRPSTGEGNDPDIWAGLVVFEFFPINQQTKCLNDRFTVTRCGVRVINVATGNTSLENISLVLSLDPVEVSGYEVLRVSYDDLQEMDKVLFLYIASLFNDEDVDFVAPLIAGIDLDVSSGLKVLADVSLISVSSNGEIVMHSLQRQMGKEILHGQSMLLSDCESSMTENLSDVPKKEKKHRESKVKKVVSIPAIDEGDLWTWRKYGQKDILGSRFPRGYYRCAYKFTHGCKATKQVQRSETDSNMLAITYLSEHNHPRPTKRKALADSTRSTSSSICSAITTSASSRVFQNKDEPNQPHLPSSSTPPRNAAVLFKMTDMEEFQDNMEVDNDVVDTRTLALFPEFQHQPEEEDPWSTFFDDYNFYF,MQFSQILTVLFLGVSVSALPAGGLPGSPGSAVQRCHCPPRGSHAHGSLAAREEAPEAEGDAKISARYTCPNCHKTGKGCDDGWCQVEKTHW,0
MAEAFIQVLLDNLTSFLKGELTLLFGFQDEFQRLSSMFSTIQAVLEDAQEKQLNNKPLENWLQKLNAATYEVDDILDEYKTKATRFSQSEYGRYHPKVIPFRHKVGKRMDQVMKKLKAIAEERKNFHLHEKIVERQAVRRETGSVLTEPQVYGRDKEKDEIVKILINNVSDAQHLSVLPILGMGGLGKTTLAQMVFNDQRVTEHFHSKIWICVSEDFDEKRLIKAIVESIEGRPLLGEMDLAPLQKKLQELLNGKRYLLVLDDVWNEDQQKWANLRAVLKVGASGASVLTTTRLEKVGSIMGTLQPYELSNLSQEDCWLLFMQRAFGHQEEINPNLVAIGKEIVKKSGGVPLAAKTLGGILCFKREERAWEHVRDSPIWNLPQDESSILPALRLSYHQLPLDLKQCFAYCAVFPKDAKMEKEKLISLWMAHGFLLSKGNMELEDVGDEVWKELYLRSFFQEIEVKDGKTYFKMHDLIHDLATSLFSANTSSSNIREINKHSYTHMMSIGFAEVVFFYTLPPLEKFISLRVLNLGDSTFNKLPSSIGDLVHLRYLNLYGSGMRSLPKQLCKLQNLQTLDLQYCTKLCCLPKETSKLGSLRNLLLDGSQSLTCMPPRIGSLTCLKTLGQFVVGRKKGYQLGELGNLNLYGSIKISHLERVKNDRDAKEANLSAKGNLHSLSMSWNNFGPHIYESEEVKVLEALKPHSNLTSLKIYGFRGIHLPEWMNHSVLKNIVSILISNFRNCSCLPPFGDLPCLESLELHWGSADVEYVEEVDIDVHSGFPTRIRFPSLRKLDIWDFGSLKGLLKKEGEEQFPVLEELIIHECPFLTLSSNLRALTSLRICYNKVATSFPEEMFKNLANLKYLTISRCNNLKELPTSLASLNALKSLKIQLCCALESLPEEGLEGLSSLTELFVEHCNMLKCLPEGLQHLTTLTSLKIRGCPQLIKRCEKGIGEDWHKISHIPNVNIYN,MKSFTHILGAFLAMVALVTGAALPEESQLDTRTITESQALSIARRQGACISLDIVPRRVDRAHQTNFQWVIREEGRTDWNPNNHVHVLIDAQTTEFDHRLTVEITNRSQRFGNAVILSRYAGDTNTGPIQDQIRIPVGTAEGRTAAFVSRCIRLPSLQGTWWWQLEN,0
MGNFVCIEISGDQMLDRIIRCLCGKGYIRTLEKNLRALQREMEDLRATQHEVQNKVAREESRHQQRLEAVQVWLDRVNSIDIECKDLLSVSPVELQKLCLCGLCSKYVCSSYKYGKKVFLLLEEVKKLKSEGNFDEVSQPPPRSEVEERPTQPTIGQEEMLEKAWNRLMEDGVGIMGLHGMGGVGKTTLFKKIHNKFAEIGGTFDIVIWIVVSQSAKLSKLQEDIAEKLHLCDDLWKNKNESDKATDIHRVLKGKRFVLMLDDMWEKVDLEAIGIPYPSEVNKCKVAFTTRDQKVCGQMGDHKPMQVKCLKPEDAWELFKNKVGDNTLRSDPVIVELAREVAQKCRGLPLALNVIGETMASKTMVQEWEHAIDVLTRSAAEFSDMENNILPILKYSYDSLGDEHIKSCFLYCALFPEDYFIDNENLIDYWICEGFIGEDQVIKRARNKGYAMLGTLTRANLLTKVSIYHCVMHDVVREMALWIASDFGKQKENFVVQARVGLHEIPKVKDWGAVRRMSLMNNHIKEITCESNCSELTTLFLQGNQLKNLSGEFIRYMQKLVVLDLHGNLDINKLPEQISGLVSLQFLDLSSTRIEELPVGLKELKKLTLLNLAFTKRLCSISGISRLLSLRLLSLLWSKVHGDASVLKELQQLENLQDLRITVSAELISLDQRLAKVISILGIDGFLQKPFDLSFLASMENLSSLLVKNSYFSEIKCRESETDSSYLRINPKIPCFTNLSRLDIMNCHSMKDLTWILFAPNLVQLVIEDSREVGEIINKEKATNLTPFQKLKHLFLHNLPKLESIYWSPLPFPLLLTMDVSKCPKLRKLPLNATSVPLVEEFQIRMDPPEQENELEWEDEDTKNRFLPSIKPYKYVVYPGLSFLTV,MKIGTQATSLAVLHNQESHAPQAETAVRPEPAQAVPEIPSDLAIRPRARGIHPFLAMTLGDKGCASSSGVSLEEDSHTQASLSDFSVASRDVNHNNICAGLSTEWLVMSSDGDAESRMDHLDHNGEGQSSGTQRHQVYNDALAAALSNDDEAPFFTASTAVIEDAGFSLRREPKTVRTSGGSAQLGQTVADDVAQSGRKHLLSLRFANVQGHAIACSCEGSRFKLFDPNLGEFQSSRSAAPQLLKSLIDHYNSLNYDVACVNEFRVS,0
MEIGLAVGGAFLSSALNVLFDRLAPNSDLLKMFKRDKRDVRLLKKLRMTLLGLQAVLSDAENKQASNPYVSQWLNELQDAVDGAENLIEEVNYEVLRLKVEGQCQNLGETSNQQVSDCNLCLSDDFFLNIKEKLEETIETLEELEKQIGRLDLTKYLDSGKQETRESSTSVVDESDILGRQNEIEGLIDRLLSEDGKNLTVVPVVGMGGVGKTTLAKAVYNDEKVKNHFGFKAWICVSEPYDILRITKELLQEFGLMVDNNLNQLQVKLKESLKGKKFLIVLDDVWNENYKEWDDLRNLFVQGDVGSKIIVTTRKESVALMMGCGAINVGTLSSEVSWDLFKRHSFENRDPKEHPELEEIGIQIAYKCKGLPLALKALAGILRSKSEVDEWRHILRSEIWELQSRSNGILPALMLSYNDLPPQLKRCFAFCAIYPKDYLFCKEQVVHLWIANGLVQQLHSANQYFLELRSRSLFEKVRESSKWNSGEFLMHDLVNDLAQIASSNLCMRLEENQGSHMLERTRHLSYSMGDGDFGKLKTLNKLEQLRTLLPINIQRRPCHLKKRMLHDIFPRLISLRALSLSPYDIEELPNDLFIKLKHLKFLDLSWTQIKKLPDSICELYSLEILILSHCSHLNEPPLQMEKLINLHHLDVSDAYFLKTPLHVSKLKNLHVLVGAKFFLTGSSGLRIEDLGELHNLYGSLSILELQHVVDRRESLKANMREKKHVERLSLEWGGSFADNSQTERDILDELQPNTNIKELRITGYRGTKFPNWLADHSFHKLIEMSLSYCKDCDSLPALGQLPCLKSLTIRGMHQITEVSEEFYGRFSSTKPFNSLEKLEFAEMPEWKQWHVLGKGEFPVLEELLIYRCPKLIGKLPENVSSLRRLRILKCPELSLETPIQLSNLKEFEVADAQLFTSQLEGMKQIVKLDITDCKSLTSLPISILPSTLKRIRIAFCGELKLEASMNAMFLEKLSLVKCDSPELVPRARNLSVRSCNNLTRLLIPTATERLSIRDYDNLEILSVARGTQMTSLNIYDCKKLKSLPEHMQELLPSLKKLVVQACPEIESFPEGGLPFNLQALSIWNCKKLVNGRKEWHLQRLPSLIDLTIYHDGSDEEVLAGEKWELPCSIRRLTISNLKTLSSQLLKSLTSLEYLDARELPQIQSLLEEGLPFSLSELILFSNHDLHSLPTEGLQHLTWLRRLEIVGCPSLQSLPESGLPSSLSELGIWNCSNLQSLPESGMPPSISKLRISECPLLKPLLEFNKGDYWPKIAHIPTIYIDKEY,MPKRNYDTAFSTPMSNVRRRLTFDTPLSLPATAGSVPASAKRRRWTNRPMWRKPRYYRLYRSPDVPRGCEGPCKVQSFEAKHDISHVGKVICVTDVTRGMGITHRVGKRFCVKSIWVTGKIWMDENIKTKNHTNTVMFKLVRDRRPFGTPQDFGQVFNMYDNEPSTATVKNDLRDRYQVVRKFQATVTGGQYASKEQATVSKFYRVNNYVVYNHQEAAKYENHTENALLLYMACTHASNPVYATLKIRIYFYDSISN,0
MVDAVVTVFLERLLNTLVEEGRVVNEFRDQFEKLQDELQLMQCFLKDADKQKRKNQTLHGIMAKLRELIYESEDILADCQLQSREDNLFSNGCLARIYPPNLHFQNQTGKRLRKIHEKITDIKQSIISYLGPSITNDMGRIDACNDQMPRWSSPVYDHTQVVGLEDDTKKIKDWLYNADVGILKIGIVGMGGLGKTTIAQMVFNDREIEDRFERRMWISVSQSFDEEQIMRSMLRTLGDASVGDDRGELLRKINQYLLGKRYLIVMDDVWSLDGNWWSRISEGLPKGNGSSVIITTRLVGVLRKMEVSEARMHQPDILNGNNSWLLFRKIAFAASGGDCTKPELEKIGKEIVQKCNGLPLAIKAIGGMLLYKSHYHEWKRIADNFRDELGENDDTVMPSLQLSYDELPPYLKSCFLSFSLYPEDCVVTKEQLVHWWIGEGFVPLRSGRPSTEAGEDCFSGLSNRCLVEVVEKTYNGTIHTCKIHDMVRELVIKMAENDAFFKVTGRGCRHFGIDTKMDPKQLAANHKLRALLSTTKTGEVNKISSSIANKFSECKYLRVLDLCKSIFEMSLTSLLSHIGFLQHLTYLSLSNTHPLIQLPPSLENLKNLEILNVSYSQNLKVLPPYLTKFKKLRVLDVSHCGSLEYLPQGLGRLSNLEVLLGFRPARASQLDGCRIAELRNLSRLRKLGLHLVWDDEIGDSEVSALVNLQQLQFLTISCFDSHGSGLVDKLDKLYPPPELHELCLQFYPGKLSPAWLNPISLHMLRYLWISSGNLAMMHEAFFGENNSAWKIEGLMLESLSDLEMEWKMVQQVMPSLKIVNASWCPNLVSFPIEDVGFRGGVWAKGENRR,MSSSVYESIIQTRASVWGSTASGKAVVDSYWIHELGTGSQLVQTQLYSDSRSKSSFGYTAKVGDLPCEEEEILSQHVHIPIFDDIDFSINIDDSVLALSVCSNTVNANGVKHQGHLKVLSPAQLHSIGSTMNRSDITDRFQLQEKDIIPNDRYIEAANKGSLSCVKEHTYKIEMCYNQALGKVNVLSPNRNVHEWLYSFKPNFNQVESNNRTVNSLAVKSLLMSAENNIMPNSQAFVKASTDSHFKLSLWLRVPKVLKQISIQKLFKVAGDETNKTFYLSIACIPNHNSVETALNITVICKHQLPIRKCKAPFELSMMFSDLKEPYNIVHDPSYPQRIVHALLETHTSFAQVLCNNLQEDVIIYTLNNHELTPGKLDLGERTLNYSEDAYKRKYFLSKTLECLPSNTQTMSYLDSIQIPSWKIDFARGEIKISPQSISVAKSLLKLDLSGIKRKESKIKEAYASGSK,0
MEIGLAVGGAFLSSALNVLFDRLAPNSDLLKMFKRDKRDVRLLKKLRMTLLGLQAVLSDAENKQASNPYVSQWLNELQDAVDGAENLIEEVNYEVLRLKVEGQCQNLGETSNQQVSDCNLCLSDDFFLNIKEKLEETIETLEELEKQIGRLDLTKYLDSGKQETRESSTSVVDESDILGRQNEIEGLIDRLLSEDGKNLTVVPVVGMGGVGKTTLAKAVYNDEKVKNHFGFKAWICVSEPYDILRITKELLQEFGLMVDNNLNQLQVKLKESLKGKKFLIVLDDVWNENYKEWDDLRNLFVQGDVGSKIIVTTRKESVALMMGCGAINVGTLSSEVSWDLFKRHSFENRDPEEHPELEEIGIQIAHKCKGLPLALKALAGILRSKSEVDEWRHILRSEIWELQSRSNGILPALMLSYNDLPPQLKRCFAFCAIYPKDYLFCKEQVVHLWIANGLVQQLHSANQYFLELRSRSLFEKVRESSEWNPGEFSMHDLVNDLAQIASSNLCMRLEENQGSHMLERTRHLSYSMGDGNFGKLKTLNKLEQLRTLLPINIQRRLCHLNKRMLHDIFPRLISLRALSLSHYENGELPNDLFIKLKHLRFLDLSWTKIKKLPGSICELYSLEILILSHCSHLNELPLQMEKLINLHHLDVSDAYFLKTPLHVSKLKNLHVLVGAKFFLTGSSGLRIEDLGELHNLYGSLSILELQHVVDRRESLKANMREKKHVERLSLEWGGSFADNSQTERDILDELQPNTNIKELRITGYRGTKFPNWLADHSFHKLIEMSLSYCKDCDSLPALGQLPCLKSLTIRGMHQITEVSEEFYGRFSSTKPFNSLEKLEFAEMPEWKQWHVLGKGEFPVLEELLIYCCPKLIGKLPENVSSLRRLRISKCPELSLETPIQLPNLKEFEVDDAQLFTSQLEGMKQIVELDITDCKSLTSLPISILPSTLKRIRISFCGELKLEASMNAMFLEELSLVECDSPELVPRARNLSVRSCNNLTRLLIPTGTETLSIRDCDNLEILSVACGTQMTSLKIYNCEKLKSLREHMQQLLPSLKKLYLFDCPEIESFPEGGLPFNLQQLWIDNCKKLVNGRKEWHFHRLPCLIDLTIHHDGSDEEVLAGEKWELPCSIRRLTISNLKTLSSQLLKSLTSLEYLYASELPQIQSLLEEGLPSSLSELKLFSNHDLHSLPTEGLQRLTWLRRLDIVDCPSLQSLPESGMPPSISELCISECPLLKPLLEFNKGDYWPKIAHIPTIYIDKEYQ,MHINRTGSSQPSIELERFYSASQSLASSSVRELSPAEHANLQAITDYLKDHVFAAHKLPLSESAVDQDAVHAHNEQLDNIIDARARRLLDEGETPATIADTFAKAEKFDRMATTASTALRATPFAAASVLQYMQPAINKGDWLPTPLKPLTPFVSGALSGIMDQVGTTVMNRATGNLHYLSTPPEKLHDAMAASVKRHSPGVMRQAVDLGIAVQTYSARNAVRTVLAPALASRPAVQGAVDISVSAAGGLAANAGFGNRMHSVQARDHLRGGAFVLGIKDQEPKADLSEETDWLVAYNAIKSASYSGAALNAGKRVAGLPLDVATDGLKAVRSLVSATGLAQNGLALAGGFAGVGKLQEMATKNITDPATKAAVSQLTNMAASAGVFAAWTTAAVATDPAVKKAESFLQDTVKSAASSSTSYVADQTVKLAKAGIDASGEAIAATGASLLDTLRRRNAREPDIEEGGIAAGSPSAVPFQPGRS,0
MAERVVTMAIGPLVSMLKDKASSYLLDQYKVMEGMEEQHKILKRKLPAILDVITDVEEQAMAQREGAKAWLQELRTVAYVANEVFDEFKYEALRREAKKNGHYIKLGFDVIKLFPTHNRVAFRYKMGRKLCLILQAVEVLIAEMQVFGFKYQPQPPVSKEWRHTDYVSIDPQEIASRSRHEDKKNIIGILVDEASNADLTVVPVVAMGGLGKTTLAQLIYNDPEIQKHFQLLLWVCVSDTFDVNSLAKSIVEASPNKNVDTDKPPLARLQKLVSGQRYLLVLDDVWDNKELRKWERLKVCLQHGGMGSAVLTTTRDKRVAEIMGADRAAYNLNALEDHFIKEIIVDRAFSSENGKIPELLEMVGEIVKRCCGSPLAASALGSVLRTKTTVKEWNAIASRSSICTEETGILPILKLSYNDLPSHMKQCFAFCAVFPKDYKIDVAKLIQLWIANGFIPEHKEDSLETIGQLIFDELASRSFFLDIEKSKEDWEYYSRTTCKIHDLMHDIAMSVMEKECVVATMEPSEIEWLPDTARHLFLSCEETERILNDSMEERSPAIQTLLCDSNVFSPLKHLSKYSSLHALKLCIRGTESFLLKPKYLHHLRYLDLSESSIKALPEDISILYNLQVLDLSYCNYLDRLPRQMKYMTSLCHLYTHGCRNLKSMPPGLENLTKLQTLTVFVAGVPGPDCADVGELHGLNIGGRLELCQVENVEKAEAEVANLGGQLELQHLNLGDQLELRRVENVKKAEAKVANLGNKKDLRELTLRWTEVGDSKVLDKFEPHGGLQVLKIYKYGGKCMGMLQNMVEIHLSGCERLQVLFSCGTSFTFPKLKVLTLEHLLDFERWWEINEAQEEQIIFPLLEKLFIRHCGKLIALPEAPLLGEPSRGGNRLVCTPFSLLENLFIWYCGKLVPLREAPLVHESCSGGYRLVQSAFPALKVLALEDLGSFQKWDAAVEGEPILFPQLETLSVQKCPKLVDLPEAPKLSVLVIEDGKQEVFHFVDRYLSSLTNLTLRLEHRETTSEAECTSIVPVDSKEKWNQKSPLTVLELGCCNSFFGPGALEPWDYFVHLEKLEIDRCDVLVHWPENVFQSLVSLRTLLIRNCKNLTGYAQAPLEPLASERSQHPRGLESLCLRNCPSLVEMFNVPASLKKMTIGGCIKLESIFGKQQGMAELVQVSSSSEAIMPATVSELPSTPMNHFCPCLEDLCLSACGSLPAVLNLPPSLKTLEMDRCSSIQVLSCQLGGLQKPEATTSRSRSPIMPQPLAAATAPAAREHLLPPHLEYLTILNCAGMLGGTLRLPAPLKRLFIIGNSGLTSLECLSGEHPPSLESLWLERCSTLASLPNEPQVYRSLWSLEITGCPAIKKLPRCLQQQLGSIKRKWLDARYEVTEFKPLKPKTWKEIPRLVRERRQACRS,MKISALFSVAALLSQSMTVLGYLFYRCGNDYITERALINOINMEHKKLTGQGSSADSFPGGRATAEVTFWEPSISNPGTYLDIKVKFDIYRQMLSFEVSSSGKRIPCEGDYGVEIPEEDLEVSDEPYYAN,1
MEIAMGAIGSLLPKLGELLIGEITLEKKVRKGIESLITELKLMQAVLSKVSKVPADQLDEGVKIWAGNVKELSYQMEDIVDAFMVRVGDGGESTNPKNRVKKILKKVKKLFKNGKDLHRISAALEEVVLQAKQLAELRQRYEQEMRDTSANTSVDPRMMALYTDVTELVGIEETRDKLINMLTEGDDWSKHPLKTISIVGFGGLGKTTLAKAAYDKIKVQFDCGAFVSVSRNPEMKKVLKDILYGLDKVKYENIHNAARDEKYLIDDIIEFLNDKRYLIVIDDIWNEKAWELIKCAFSKKSPGSRLITTTRNVSVSEACCSSEDDIYRMEPLSNDVSRTLFCKRIFSQEEGCPQELLKVSEEILKKCGGVPLAIITIASLLANKGHIKAKDEWYALLSSIGHGLTKNRSLEQMKKILLFSYYDLPSYLKPCLLYLSIFPEDREIRRARLIWRWISEGFVYSEKQDISLYELGDSYFNELVNRSMIQPIGIDDEGKVKACRVHDMVLDLICSLSSEENFVTILDDPRRKMPNSESKVRRLSIQNSKIDVDTTRMEHMRSVTVFSDNVVGKVLDISRFKVLRVLDLEGCHVSDVGYVGNLLHLRYLGLKGTHVKDLPMEIGKLQFLLTLDLRGTKIEVLPWSVVQLRRLMCLYVDYGMKLPSGIGNLTFLEVLDDLGLSDVDLDFVKELGRLTKLRVLRLDFHGFDQSMGKALEESISNMYKLDSLDVFVNRGLINCLSEHWVPPPRLCRLAFPSKRSWFKTLPSWINPSSLPLLSYLDITLFEVRSEDIQLLGTLPALVYLEIWNYSVFEEAHEVEAPVLSSGAALFPCATECRFIGIGAVPSMFPQGAAPRLKRLWFTFPAKWISSENIGLGMRHLPSLQRVVVDVISEGASREEADEAEAALRAAAEDHPNRPILDIW,MKIAPVAINHSPLSREVPSHAAPTQAKQTNLQSEAGDLDARKSSASSPETRALLATKTVLGRHKIEVPAFGGWFKKKSSKHETGGSSANADSSSVASDSTEKPLFRLTHVPYVSQGNERMGCWYACARMVGHSVEAGPRLGLPELYEGREGPAGLQDFSDVERFIHNEGLTRVDLPDNERFTHEELGALLYKHGPIIFGWKTPNDSWHMSVLTGVDKETSSITFHDPRQGPDLAMPLDYFNQRLAWQVPHAMLYR,0
MAPAVIASQGVIMRSLTSKLDSLLLQPPEPPPPAQPSSLRKGERKKILLLRGDLRHLLDDYYLLVEPPSDTAPPPDSTAACWAKEVRELSYDVDDFLDELTTQLLHHRGGGDGSSTAGAKKMISSMIARLRGELNRRRWIADEVTLFRARVKEAIRRHESYHLGRRTSSSRPREEDDDDDREDSAGNERRRFLSLTFGMDDAAVHGQLVGRDISMQKLVRWLADGEPKLKVASIVGSGGVGKTTLATEFYRLHGRRLDAPFDCRAFVRTPRKPDMTKILTDMLSQLRPQHQHQSSDVWEVDRLLETIRTHLQDKRYFIIIEDLWASSMWDIVSRGLPDNNSCSRILITTEIEPVALACCGYNSEHIIKIDPLGDDVSSQLFFSGVVGQGNEFPGHLTEVSHDMIKKCGGLPLAITITARHFKSQLLDGMQQWNHIQKSLTTSNLKKNPTLQGMRQVLNLIYNNLPHCLKACLLYLSIYKEDYIIRKANLVRQWMAEGFINSIENKVMEEVAGNYFDELVGRGLVQPVDVNCKNEVLSCVVHHMVLNFIRCKSIEENFSITLDHSQTTVRHADKVRRLSLHFSNAHDTTPLAGLRLSQVRSMAFFGQVKCMPSIADYRLLRVLILCFWADQEKTSYDLTSISELLQLRYLKITGNITVKLPEKIQGLQHLQTLEADARATAVLLDIVHTQCLLHLRLVLLDLLPHCHRYIFTSIPKWTGKLNNLRILNIAVMQISQDDLDTLKGLGSLTALSLLVRTAPAQRIVAANEGFGSLKYFMFVCTAPCMTFVEGAMPSVQRLNLRFNANEFKQYDSKETGLEHLVALAEISARIGGTDDDESNKTEVESALRTAIRKHPTPSTLMVDIQWVDWIFGAEGRDLDEDLAQQDDHGYGFFILFPGYNLQGLLSFFLSLPWLLSLPSMHLQPDLMIV,MRLAIMLSATAVAINFATSSAIDQTKVLVYGTPAHYIHDSAGRRLLRKNEENEETSEERAPNFNLANLNEEMFNVAALTERADAKKLAKQLMGNDKLADAAYMWWQHNRVTLDQIDTFLKLASRKTQGAKYNQIYNSYMMHLGLTGY,0
MELAVGASEATMRSLLGKLGNLLAQEYSLVSGVRGDIQYINDELASMQAFLRDLSVVTEGHNHDNRRKDWMKQIRDVAYDVEDCIDDFAHRLPQDSISDAKCSFILTKMYELLTWWPRRDIASRIAELKVRAQQIADRRNRYGVNNPEHCDSSNSPRPRAHAAAQDIAEYQDTKPQIVSIKEPVGMKTVMENLEKWLTEPQPDKGRAVLSIVGFGGVGKTTIAMALYRKVSGKFDCQASVAVSQNYDEDEVLRSILNQVSKQEEAGGSTESSSRDENTREPQGSSSTSSREENTAESGTKRMLNKLKKALPLSLLGGNDDKTSVRQQETMGSLQLREELKRRLAEKRYILLIDDIWSAKTWNSIIIPFLPSENDKDSRIIVTTRFHAVGSTCSPRHKNDEATSSPGHGKDLLHKVDFLTGDKPLDLFNASIPDPMKRTDRDKKLSKICGGLPLAIVTMAGLVACNPNKANSDWSKLCESLFPYPVTTLNLDGVTRILDCCYNDLPADLKTCLLYLSIFPKGWKISRKRLARRWIAEGFATEKQGLTEEEVAEAYFNQLARRNLIRPVEHGSNGKVKAFQVHDMVLEYIMSKSIEENFITVVGGHWQMTAPSNKVRRLSLQSSGSKHGNSTKGLNLAQVRSLTVFGNLNHVPFHSFNYGIIQVLDLEGWKGLKERHVTEICQMLVLKYLSIRRTEIAKIPSKIEKLEYLETLDIRETYVEELPKSVGQLKRISSILGGNKNTRKGLRLPQEKRNKAMKNPSPQGKTKEPAEKGFLSQEKAKGTMKSLRVLSGIEIVDESAAVAASLHQLTGLRKLAIYKLKISEENDTFKELLSSIEYLGSCGLQTLAINDENSKFINSLYNMSAPPRYLVSLELSGKLKWLPEWITSITTLNKLTISITVLTTETLEILRNLPSLFSLTFAFSLSAAKQDQDTVKGILEDNKLATDGEIVIPAKEFKSLKLLRFFAPFVPKLSFPDKSAMPALEIIEMRFQEFEGLFGIEILENLREVHLKVSDGAEAITKFLVSDLKDNTEKPKVFVDGIVTA,MKVSHLTSPAPVVIEHQPRQSEKVSRDGDVIKPWSQLPAAAPSFGGCFGKSKKSRGYDSGSSSGSRSNAGFRLNHVPYVSQQNERMGCWYACTRMLGHSISSGPRLGLPELYDSSGPQGLQQREDVLRLMRNENLAEVSLPESRQFSANELGNLLCRHGPIMFGWQTPAGSWHMSVLTGIDKPNDAIIFHDPQRGPDLTMPLDSFNQRLAWRVPHAMLYSEN,0
MREIAISKSKEENLVLRLEGGRRLHNHDTVRHLSITNSSEDRETDVGELKTTVDMSRIRSLTVFGEWRPFFISDKMRLLRVLDLEDTEGVRNHHIKQIGELLHLRYLSLRGCMHIAYLPDSLGNLRQLETLDVKDTFILRLPKTITNLRKLKYLRASIDLNVNEGITEKLPELMRNRLCIFTAALLLLCLACTTSSIGMLDDEINTRDVCTLGCCSFLPSIAMLLDGNGVVAPRGLRRLTALHTLGVVDISWESSVLQDLKKLTQLRKLEVTGVNKKNSKKFLSALAALSCLESLSLISKGKPGLWGCLDAEEKFSPPKDLKSLKLHGNLIELPKWIGKLNNLVKLKLSETGLKDHDAAIQVLGKLRNLTILCLPHKSFHSLEGGELNFSEGSFKSLVVLELDFSGSKCVKFQQGAFHNLELLELSGYIEEVETKFSGLEFLPRIKEVQLHGYFYDVYEQAARRLKEDLLAQLSENPKKPILKTSGYF,MRPFQLLSAIAVFNSLKIVAGESYWDCKGIPILFRTVHAAVELAFTSQPGSISGYPSICRTTPLRTGPDERRQFPLTDTGARWQGGGITYYVEATRDKRHCEVFGTAGGVYKCTLVLRD,0
MAEGFVSFGLQKLWDLLSRESERLQGIDEQLDGLKRQLRSLQSLLKDADAKKHGSDRVRNFLEDVKDLVFDAEDIIESYVLNKLRGEGKGVKKHVRRLARFLTDRHKVASDIEGITKRISEVIGEMQSFGIQQIIDGGRSLSLQERQREIRQTYPDSSESDLVGVEQSVKELVGHLVENDVHQVVSIAGMGGIGKTTLARQVFHHDLVRRHFDGFAWVCVSQQFTQKHVWQRILQELQPHDGDILQMDEYALQRKLFQLLEAGRYLVVLDDVWKKEDWDRIKAVFPRKRGWKMLLTSRNEGVGIHADPTCLTFRASILNPEESWKLCERIVFPRRDETEVRLDEEMEAMGKEMVTHCGGLPLAVKALGGLLANKHTVPEWKRVFDNIGSQIVGGSGLDDNSLNSVYRILSLSYEDLPTHLKHCFLYLAHFPEDSKIYRHGLFNYWAVEGIYDGSTIEDSGEYYLEELVRRNLVIADNKNLDWHSKYCQMHDMMREVCLPKAKEENFLQIIKDPTCTSTINAQSPSRSRRLSIHSGKAFHILGHRNNAKVRSLIVLRLKEEDYWIRSASVFHNLTLLRVLDLSWVKFEGGKLPCSIGGLIHLRYLSLCGAGVSHLPSTMRNLKLLLYLNLNVDNEELIHVPNVLKEMIELRYLSLPIKMDDKTKLELGDLVNLEFLFGFSTQHSSVTDLLHMTKLRYLAVSLSERCNFETLSSSLRELRNLETLNFLFTPQTYMVDHMGVFVLDHFIHLKELGLAVSMSKIPDQHQFPPHLVHIFLFYCGMEEDPMPILEKLLHLKSVELSNKAFAGRRMVCSKGGFTQLCALEISEQLELEEWIVEEGSMPCLRTLTIHDCKKLKELPDGLKYITSLKELKIEGMKREWKEKLVPGGEDYYKVQHIPDVQFINCDQ,MNRISTSSVNSSFSYSAPAEEAQNRVSSAPTNSSPPGTTTAVAQASEGQKKPGAVLSMQAQRLRQLCESSSYQYRQNALLAKSFDAQRLDINTQAGPSNSPHLNALNKLQQRDFKPAAGGLEIPFTPKSLLGGGKRVYQIGSSSREVQVCPRGAGAALRQEIENKQLMVNNLTDELQDAIDEANPAEIANTSQQLRQARSDLAELQRRFAVLGNEDRRINQ,0
MTNCEKDEEFVCISCVEEVRYSFVSHLSEALRRKGINNVVVDVDIDDLLFKESQAKIEKAGVSVMVLPGNCDPSEVWLDKFAKVLECQRNNKDQAVVSVLYGDSLLRDQWLSELDFRGLSRIHQSRKECSDSILVEEIVRDVYETHFYVGRIGIYSKLLEIENMVNKQPIGIRCVGIWGMPGIGKTTLAKAVFDQMSSAFDASCFIEDYDKSIHEKGLYCLLEEQLLPGNDATIMKLSSLRDRLNSKRVLVVLDDVCNALVAESFLEGFDWLGPGSLIIITSRDKQVFRLCGINQIYEVQGLNEKEARQLFLLSASIMEDMGEQNLHELSVRVISYANGNPLAISVYGRELKGKKKLSEMETAFLKLKRRPPFKIVDAFKSSYDTLSDNEKNIFLDIACFFQGENVNYVIQLLEGCGFFPHVEIDVLVDKCLVTISENRVWLHKLTQDIGREIINGETVQIERRRRLWEPWSIKYLLEYNEHKANGEPKTTFKRAQGSEEIEGLFLDTSNLRFDLQPSAFKNMLNLRLLKIYCSNPEVHPVINFPTGSLHSLPNELRLLHWENYPLKSLPQNFDPRHLVEINMPYSQLQKLWGGTKNLEMLRTIRLCHSQHLVDIDDLLKAENLEVIDLQGCTRLQNFPAAGRLLRLRVVNLSGCIKIKSVLEIPPNIEKLHLQGTGILALPVSTVKPNHRELVNFLTEIPGLSEASKLERLTSLLESNSSCQDLGKLICLELKDCSCLQSLPNMANLDLNVLDLSGCSSLNSIQGFPRFLKQLYLGGTAIREVPQLPQSLEILNAHGSCLRSLPNMANLEFLKVLDLSGCSELETIQGFPRNLKELYFAGTTLREVPQLPLSLEVLNAHGSDSEKLPMHYKFNNFFDLSQQVVNDFFLKALTYVKHIPRGYTQELINKAPTFSFSAPSHTNQNATFDLQPGSSVMTRLNHSWRNTLVGFGMLVEVAFPEDYCDATDVGISCVCRWSNKEGRSCRIERNFHCWAPGKVVPKVRKDHTFVFSDVNMRPSTGEGNDPDIWAGLVVFEFFPINQQTKCLNDRFTVTRCGVRVINVATGNTSLENISLVLSLDPVEVSGYEVLRVSYDDLQEMDKVLFLYIASLFNDEDVDFVAPLIAGIDLDVSSGLKVLADVSLISVSSNGEIVMHSLQRQMGKEILHGQSMLLSDCESSMTENLSDVPKKEKKHRESKVKKVVSIPAIDEGDLWTWRKYGQKDILGSRFPRGYYRCAYKFTHGCKATKQVQRSETDSNMLAITYLSEHNHPRPTKRKALADSTRSTSSSICSAITTSASSRVFQNKDEPNQPHLPSSSTPPRNAAVLFKMTDMEEFQDNMEVDNDVVDTRTLALFPEFQHQPEEEDPWSTFFDDYNFYF,MGNVCVGGSRMSHQVYSPDRADTPPRSERNTPDRRQRAAGDAERTQSMRLQQKINDLKPYVRHARGPIKAYGQAALDRASGKKTSVSFAQLDATHLDAMVDVENKRNPGLNLRHFRDHNELIQAIQSCGPNSFRAIFPQTCPETRQTLKHHVMADVRLHQGGAPTIIITEPAVIVGARYQQLQRHNLTLEDLSESGVPLSQVAIIETQAQKTSDDCVMYSLNYAIKAHKKAAQFDDIHHGLQHGTLSTESESRARTTLGALEANSSYSVMHEGAHAAFGADVLPVDFYKHGASLTQAKQLMKRPDGRMAGRVNSEGHSEAENLVQRNQAFRVKRRELLDDETPSNTQFSASIDGFRLQEIKRVLAEEQR,0
MAENEIEEMLEHLRRIKSGGDLDWFDILRIEELEMVLRVFRTFTKYHDVLLPDSLVKLTKMAKLTGEILHRVLGRIPHKCKTNLNLERLESHLLEFFQGNTASLSRNYELNDFDLSKYMDCLEKFLNDVLMMFLQKGRSCHSKRKLAIHRSIKELKIVQKKMRFLKYIYATEINGYVDYEKQECLEIRIQFMTNTVGQYCVAVLDYVAEGELNDENDNFSKPPYLLSLIVFVELEMKKLFHGEVKASKFTRSKTFKDKKLPKGFSHHLHNLLMYLRNKKLENFPNNIAAQNIDVAIEFLLVFLDADVSNHVINGNWLKEVLLKVGAIAGDILYVIQKLLPRSINKDETSNISLCSIQILEKTKDLKAQVETYYKSLKFTPSQFPTFGGLSFLDSLLRKLNEMSTSKSGLGFLTKPLLGNLEKELSSLASILEKELSSIFSDVVHHEHNIPKDLQRRTINLACEAEVAIDSILAQYNVFLHIFCSLPTIVKEIKQINAEVTEMWSADIPLNPHYVAAPLKHLPDRHSNLVTDEEVVGFENKAEELIDYLIRGTNELDVVPIVGMGGQGKTTIARKLYNNDIIVSRFDVRAWCIISQTYNQRELLQDIFSQVTGFNDNGATVDVLADMLRRKLMGKRYLIVLDDMWDCMVWDDLRLSFPDVGIRSRIVVTTRLEEVGKQVKYHTDPYSLPFLTTEESCQLLQKKVFQKEDCPPELQDVSQAVAEKCKGLPLVVVLVAGIIKKRKMEESWWNEVKDALFDYLDSEFEEYSLATMQLSFDNLPHCLKPCLLYMGMFSEDARIPASTLISLWIAEGFVENTESGTLMEEEAEGYLMDLISSNMVMLSKRSYKGKVKYCQVHDVVHHFCLEKSREAKFMLAVKGQYIQFQPLDWKGTRVSFSFSEELSKFASLVSKTQKPFHQHLRSLITTNRAESIDVILFCQISELRLLKVLDLSSYTVEFLSLATFKPLNQLKYLAVQADKFYFDPGSHLPHIETFIVKNFPYGIGLPVSFWEMKKLRHAHFGKAEFDKQGLSEGSSKLENLRILKNIIQFDRVDVLSTRCPNLQQLQITYFGNNEEPFCPKLENLTQLQQLQLSFVRPRTLSGLQLPSNLNKLVLEGIHIESVIPFIAGLPSLEYLRLQDVCFPQSEEWCLGDMTFHKLKLLKLVKLNISRWDVSEESFPLLETLVIKKCGDLEEIPVSFADIPTLEQIKLIGSWKVSLEDSAVRMKEEIIQIEGCDRLHLVKQRSD,MSYSITTPSQFVYLSSAWADPIELINLCTNALGNQFQTQQARTVVQRQFSEVWKPSPQVTVRFPDSDFKVYRYNAVLDPLVTALLGAFDTRNRIIEVENQANPTTAETLDATRRVDDATVAIRSAINNLVVELIRGTGSYNRSSFESSSGLVWTSGPAT,0
MAYAALSSLIYTLQLLLKPNQSLVFRSSTQQHIQSLYQNLSAMQLFLDDTTTKDIQTLKVIEKRIRDVVYKAEDKVDSSLRNIILADCTENREGACKFFEEELLKVEEDVDSLRKEVMQIEHGSRSAELATTDPSSPEKSRIVGMEDEYNTILDRLTSQTDELTVIPIFGMGGIGKTTLARKAYDDSYIHSRFDKHAWVTISEEYNERQMLLEFVSSITTESNHEMSDDQLMEFVYRGLKGWRFLIVIDDIWNTEAWDQMQRIFPNDNKKSRILLTTRLKYVADYVCSPDFPSHCKSFLSLDDSWNLFTEKLFKKDPCPPLLVEIGKHIVQQCQGLPLSVVVVAGLVGKMDPTHDNWKKVEENLNSFFGTVSERCQSILSLSYSYLPQYLKACFLYVGGFPEDKEIDVSKLIRLWIAEQFVKARSNKRLEVVAEECLEELIDRSLILAGRQRANGRMKTCKIHDLLRQLCLSEAHIEDISHIMNRNVPVSSEAIDDQGRVIVPLELEEKQIYPTRHRSGITSTTRTFISMEICLREAQTKAIYDQRRVILLSKRHRSDTICTIIPFEDTFPKEICSIFSQLKLLKVLDVLSVWYDVSCIIPQLVHLRYVAARFKEAVSLDKLRNLQTIIVASTVDVRELKHPVDIWKMSEIRHVDIVPPLYISNPLEAEQPLFLNNLHTLFLCCSCFVAKIITRTPNLKKLKILDKSKHPDWPDILDSLNLLEELETLQISTEENIDRMIFSEDNFPLNLKQLKLSGTKIPWEDMKLLASLPNLEVLKAHYAFAGTDWKLDEDVVFCKLKCLRLYERGHLQRWEAAGSDNFPVLEQLLLYGFNKLEEIPESIGEIMTLKFIKTEFCGSGVETSAKKIQQEQQSLGNYDLQLQITPMVC,MHINRTGSSQPSIELERFYSASQSLASSSVRELSPAEHANLQAITDYLKDHVFAAHKLPLSESAVDQDAVHAHNEQLDNIIDARARRLLDEGETPATIADTFAKAEKFDRMATTASTALRATPFAAASVLQYMQPAINKGDWLPTPLKPLTPFVSGALSGIMDQVGTTVMNRATGNLHYLSTPPEKLHDAMAASVKRHSPGVMRQAVDLGIAVQTYSARNAVRTVLAPALASRPAVQGAVDISVSAAGGLAANAGFGNRMHSVQARDHLRGGAFVLGIKDQEPKADLSEETDWLVAYNAIKSASYSGAALNAGKRVAGLPLDVATDGLKAVRSLVSATGLAQNGLALAGGFAGVGKLQEMATKNITDPATKAAVSQLTNMAASAGVFAAWTTAAVATDPAVKKAESFLQDTVKSAASSSTSYVADQTVKLAKAGIDASGEAIAATGASLLDTLRRRNAREPDIEEGGIAAGSPSAVPFQPGRS,0
MADAFLSFAVQKLGDFLIQKVSLRKSLRDEIRWLINELLFIRSFLRDAEQKQCGDQRVQQWVFEINSIANDAVAILETYSFEAGKGASRLKACTCICRKEKKFYNVAEEIQSLKQRIMDISRKRETYGITNINNNAGEGPSNQVTKLRRTTSYVDEQDYIFVGFQDVVQTFLAQLLKAEPRRTVLSIYGMGGLGKTTLARKLYTSPDILNSFRTRAWICVSQEYNTMDLLRNIIKSIQGRTKETLDLLERMTEGDLEIYLRDLLKERKYLVVVDDVWQREAWESLKRSFPDGKNGSRVIITTRKEDVAERADDRGFVHKLRFLSQEESWDLFRRKLLDVRAMVPEMESLAKDMVEKCRGLPLAIVVLSGLLSHKKGLNQWQKVKDHLWKNIKEDKSIEISNILSLSYNDLSTALKQCFLYFGIFPEDQVVKADDIIRLWMAEGFIPRGEERMEDVADGFLNELIRRSLVQVAKTFWEKVTDCRVHDLLRDLAIQKALEVNFFDIYDPRSHSISSLCIRHGIHSEGERYLSSLDLSNLKLRSIMFFDPDFRKMSHINLRSEFQHLYVLYLDTNFGYVSMVPDAIGSLYHLKLLRLRGIHDIPSSIGNLKNLQTLVVVNGYTFFCELPCKTADLINLRHLVVQYTEPLKCINKLTSLQVLDGVACDQWKDVDPVDLVNLRELSMDRIRSSYSLNNISSLKNLSTLKLICGERQSFASLEFVNCCEKLQKLWLQGRIEELPHLFSNSITMMVLSFSELTEDPMPILGRFPNLRNLKLDGAYEGKEIMCSDNSFSQLEFLHLRDLWKLERWDLGTSAMPLIKGLGIHNCPNLKEIPERMKDVELLKRNYML,MGCVSSKSTTVLSPQTSFNEASRTSFRALPGPSQRQLEVYDQCLIGAARWPDDSSKSNTPENRAYCQSMYNSIRSAGDEISRGGITSFEELWGRATEWRLSKLQRGEPLYSAFASERTSDTDAVTPLVKPYKSVLARVVDHEDAHDEIMQDNLFGDLNVKVYRQTAYLHGNVIPLNTFRVATDTEYLRDRVAHLRTELGAKALKQHLQRYNPDRIDHTNASYLPIIKDHLNDLYRQAISSDLSQAELISLIARTHWWAASAMPDQRGSAAKAEFAARAIASAHGIELPPFRNGNVSDIEAMLSGEEEFVEKYRSLLDSDCF,0
MDAPASFSLGAMGPLLRKLDSLLVAPEIRLPKPLKEGIELLKEDLEEIGVSLVEHSVVDSPTHKARFWMDEVRDLSYHIEDCIDTMFSMRSGGDDGKPRSERRHKVGRAKIDGFSKKPKPCTRMARIAELRALVREASERLERYQLGDVCGSSSPVVFTADGRARPLHHGVSANLVGVDEFKTKLNRWLSDEEGPHLKVAAIVGPAGIGKTALATELYRDHRWQFECRAFVRASRKPDMQRLLGGILSQVQRRQRSSDAYADSTVQSLIDNLREHLQDRRYLIIIDGLWETAVWNIANSAFPDVNSFSRILITADIEQVALECCGYKYDYIMRMEPLGSLDSKKVFFNKVFGSEDQCPPELKEVSNTILEKCGGLPLAIISIAGLLGSQPENPVLWDYVTKYLCSSLGTNPTLKDMVKETLNLSYNSLPHPFKTCLLYLGMYPDGHIMLKADLMKQWSAEGFVSANEAKDTEEIVDKYFDELVNRGILEPVEINKNGKVLSCTLHHAVHDLVMPKFNDDKFTMSVDYSQTITGPSTMVRRLSLHFSSTRYATKPAGIILSRVRSLAFFGLLNCMPCIGEFKLLRVLILEFWGSHGEQRSLNLIPVCRLFQLRYLKTSGDVVVQLPAQISGLQYLETLEIDARVSAVPFDLVHLPNLLHLQLQDETKLPDGIGCMRSLRTLQYFDLGNNSVDNLRGLGELTNLQDLHLSYSAPSSNEGLMINLNAITSSLSRLSNLKSLILSPGAISMVIFFDISSIISVVPVFLQRLELLPPICIFCRLPKSIGQLHKLCILKVSVRELLTTDIDNLTGLPSLTVLSLYAQTAPEGRFIFKDGTLPVLKYFKFGCGELCLAFMAGAMPNLQRLKLVFNIRKSEKYRHTLFGIEHLVSLQDIATRIGVDTSTGESDRRAAESAFKETVNKHPRCLRSSLQWVVSTEEESHPLEKQHHKREKGSSAGHGVLEKESVEDSEKNTDRVQTLLSPQLSNMESVVESALTGQRTKIVVKVHMPCGKSRAKAMALVASVNGVESMQSMQITGEDKDRLEVVGRGIDPVRLVALLREKCGLAELLMVELVEKEKTQLAGGKKGAYKKHPTYNLSPFDYVEYPPSAPIMQDINPCSTM,MPYTVTSPSQLVYFGSVWADPITFIDLCTVALGNQFQTQNARTTVQQQFSDLFKTVPTRTNRFNDGENGFRVFRYNSTLDPLISALMNSFDTRNRIIEVDNPANPNTSEVASATQRVDDATVNIRACINNLMNELVRGTGMMNTASFETVSNLTWTTTTTT,0
MEVTAGAMRALLPKLAELLKDEYNLEKHVREGVKSLEIELTMMHAALRKVAEVPLDQLDDQVKIWASKVREISYDVEDAVDAIMVRVEDDSHSGPSTFKNRVKRSIKKISKLFRKAKELHQIADAIKEAQALAQQMAGLRERYSGLELQNSGVAATIDPRLTALYIDVTDLVGIDHAREELIKILTEGEDSSKQQLKIISIVGFGGLGKTILARVVHEKIEAQFDCSAFVSVSRNPDVRMIFKKMLHQLEKVKYANINESSRDETQLIDELREFLQDKSFDV,SDGWTCAGSDFDGDQVRGQARHWVGQQKTKFSEFHTHNDVPLCYFELGEGNQLTQSYTGFRAYCDEPGDVYNLRYLDVSSRTWVLCTHYDNDFESDYR,0
METSSISTVEDKPPQHQVFINFRGADLRRRFVSHLVTALKLNNINVFIDDYEDRGQPLDVLLKRIEESKIVLAIFSGNYTESVWCVRELEKIKDCTDEGTLVAIPIFYKLEPSTVRDLKGKFGDRFRSMAKGDERKKKWKEAFNLIPNIMGIIIDKKSVESEKVNEIVKAVKTALTGIPPEGSHNAVVGALGNSDAGTSSGDKKHETFGNEQRLKDLEEKLDRDKYKGTRIIGVVGMPGIGKTTLLKELYKTWQGKFSRHALIDQIRVKSKHLELDRLPQMLLGELSKLNNPHVDNLKDPYSQLHERKVLVVLDDVSKREQIDALREILDWIKEGKEGSRVVIATSDMSLTNGLVDDTYMVQNLNHRDSLQLFHYHAFIDDQANPQKKDFMKLSEGFVHYARGHPLALKVLGGELNKKSMDHWNSKMKKLAQSPSPNIVSVFQVSYDELTTAQKDAFLDIACFRSQDKDYVESLLASSDLGSAEAMSAVKSLTDKFLINTCDGRVEMHDLLYKFSREVDLKASNQDGSRQRRLWLHQHIIKGGIINVLQNKMKAANVRGIFLDLSEVEDETSLDRDHFINMGNLRYLKFYNSHCPQECKTNNKINIPDKLKLPLKEVRCLHWLKFPLETLPNDFNPINLVDLKLPYSEMEQLWEGDKDTPCLRWVDLNHSSKLCSLSGLSKAEKLQRLNLEGCTTLKAFPHDMKKMKMLAFLNLKGCTSLESLPEMNLISLKTLTLSGCSTFKEFPLISDNIETLYLDGTAISQLPMNMEKLQRLVVLNMKDCKMLEEIPGRVGELKALQELILSDCLNLKIFPEIDISFLNILLLDGTAIEVMPQLPSVQYLCLSRNAKISCLPVGISQLSQLKWLDLKYCTSLTSVPEFPPNLQCLDAHGCSSLKTVSKPLARIMPTEQNHSTFIFTNCENLEQAAKEEITSYAQRKCQLLSYARKRHNGGLVSESLFSTCFPGCEVPSWFCHETVGSELEVKLLPHWHDKKLAGIALCAVVSCLDPQDQVSRLSVTCTFKVKDEDKSWVPYTCPVGSWTRHGGGKDKIELDHVFIGYTSCPHTIKCHEEGNSDECNPTEASLKFTVTGGTSENGKYKVLKCGLSLVYAKDKDKNSALETKYDMLIGKSFQETSEGVDGRVKKTKGKYVMPVEKNFQETTEGVDGRVKKKKKTRMDNGRPKKKQRSGRDDNQTRMQVELQEGNINSVIMHTVKNF,MMHSIIFQTLLIITIVFSQVWGARSLVKIDWSGSEYTILGANHYEEPNTGAAAQFPGTMTVDDGRSPYIVRKLRNSSGKRFYVFTGHPQQPIVWNPHEEIEIQFNRKFLIAILTEFEADSQVFNHFARRQHR,0
MDIVTGAIAKLIPKLGELLVGEYKLHKGVRKNIEDLLKELNTMNAALIKIGEVPPDQLDSQDKLWGDEVRELSYVIEDVVDKFLVRVHGIEPDDNTNGFKGLVKRTTKLLKKVVDKHGIAHAIKDIKKELHEVAARRDRNKFDGIASTPTEAIDPRLHALYIEAAELVGIYGKRDQALMSLLSLEGDDASTKKLKKVSIVGFGGLGKTTLARAVYEKIKGDFGCHAFVPVGQNPDIKKVFRDILIDLRKSNSDPSNSNSDLVILDATQLIDKLREFLENKRYLVIIDDIWDEKLWRYINLAFSINNNLGSRLITTTRDFDVSKSCCSSADDSIYHMKPLCTNDSRRLFYKRVFADASGCPSEFEQVSKDILKKCGGVPLAIITIASALASGQQVKPKHEWDILLQSLGSGVTKDNSLAEMRRILSFSYYNLPSHLKTCLLYLCIYPEDSTIGRDRLIWKWVAEGFVHHGDQGTSLFLVGLNYFNQLINRSMIQPIYDNAGQVYACRVHDMVLDFICNLSHEAKFVNLLDATGNSTSSQSNVRRLSLQNKNEDHQAKPLTNIMSMSRVRSITIFPPAVSIMPSLSMFEVLSVLDLSNCDLGQSSSLQLNLKGVVHLIHLRYLGLAGTQISELPTEIGNLQFLEVLDLGDNYELDELPSTLFKLRRLIYLNVYLFKVVPTPGVLQNLTCIEVLRGILVSLNIIAQELGNLARLRELSIRFKDGSLDLYEGFVNSLCNLHHIECLSIGWNSEKTSFELMDLLGERWVPPVHLREFVSRMPSQLSALRGWTKRDPSHLSNLSKLILSSVKEVQQEDVEIIGGLLSLRRLWIKSTHQTQRLLVIPTDGFRCMVEFYLNCGLAAQIMFEPGALPRAEEVTFSLGVRVAKEDGNCGFELGVQGNLLSLRRQVWVRMYCGGVRVGEAKKAEAAVRHALEAHPNHPRIYIDMCPRIAEGTHAAPNYSRSTPIPVIP,MDKSESISAGRNRRRRPRRGSHSASSSADATFRVLSQQLSRLNKTLAAGRPTINHPTFVGSERCKPGYTFTSITLKPPKIDKGSYYGKRLLLPDSVTEFDKKLVSRIQIRVNPLPKFDSTVWVTVRKVPASSDLSVSAISAMFADGASPVLVYQYAASGVQANNKLLYDLSVMRADIGDMRKYAVLVYSKDDALETDELVLHVDVEHQRIPTSGVLPV,0
MAVYSVATGALAPVLSKLSALLGDEHSERTRSDAMFIRCQLEAVHSLLLPRINLGMTGEDVDALCKDELMAAVRELSYDIDDAIDDFFLEGGDGSPFDDELKTRVDDVSKRFSDSRYWRPPVEQHQPSLTAATVDSPPPHARFVHNMMDVSELVEMEQHLKELIKLLEQGADTSTYASRWRTATPWHDKEQSIVVKVPEREWGGPNHPFRWARDSFERFRSGSLFGDTLQLDGEGANIRKLLSTLRNKAGHAQLVQVEDKGKKVEETTTMPCEFHEVKTVCILGLPGAGKTTLAKLLYSHHSTTEQQFQYRAFVSVSPGANLTETLTDIFLQVGADNDATPYCGTGTPHQQCLIDNISAYLIAKKYLIIIDDVWRWEEWEVIRKSIPKNDLGSRIIMTTRLNSIAEKCRNDDIDAFVYETEALDYLDAWLLCDRVARKSVTCMNINPCYYIVDMCYGMPLALICVSSALAEEIQALAGDDERQKWRALRLVEDGILDIPSLKPLAESLCRGYDHLPLYLRTLLLCCSVYHWLDGGIVERGRLVTRWIAEGFVSEEKEAEGYFDELVGRGWIKHREWNEYEIHPMMLAILRYKSKEYNVVTCLGMGSDTSTSASLSSYSSPTMAIRRLCLQRGYPMKCFTQSSPSMDVSHTRSLVILGDVTGVPFDMFKRLRVLDLEDNLDIEDSHLKKICEQLESLRLLKYLGLKGTRITKLPQEIQKLKHLEILYVGSTRIEELPQEIGELKHLRTLDVRNTCIRDLPSQIGELKHLRILDVRNTEVRELPWQAGQIWESLRVLTDDSEEGMQLPKGVPEDLIKGIPEADLAKCREVLSIPIVDRLVSPPVGIFKVIGLRKCIPEVFKDYFDVLSCLDIWLWKLEEEDHEFLANNMPNLQMLVLRFEAPQREPIIINNTGFRMLERFHVDSRVPRITFQEGAMPKLKHLEFKFYAGPPSNDPAVGITHLLSLQKVVFRCSKWYKSDNPGIKATIDVVKKEARQHPNQPISLLITEGDKEVPNEAHGSSENSACRRHWQQWAARPPHCSKLRHQLL,MNRISTSSVNSSFSYSAPAEEAQNRVSSAPTNSSPPGTTTAVAQASEGQKKPGAVLSMQAQRLRQLCESSSYQYRQNALLAKSFDAQRLDINTQAGPSNSPHLNALNKLQQRDFKPAAGGLEIPFTPKSLLGGGKRVYQIGSSSREVQVCPRGAGAALRQEIENKQLMVNNLTDELQDAIDEANPAEIANTSQQLRQARSDLAELQRRFAVLGNEDRRINQ,0
MASSSSSSASNSKYYPRWKYVVFLSFRGEDTRKTFTGHLYEGLRNRGINTFQDDKRLEHGDSIPKELLRAIEDSQVALIIFSKNYATSRWCLNELVKIMECKEEENGQTVIPIFYNVDPSHVRYQTESFGAAFAKHESKYKDDVEGMQKVQRWRTALTAAANLKGYDIRNGIESENIQQIVDCISSKFCTNAYSLSFLQDIVGINAHLEKLKSKLQIEINDVRILGIWGIGGVGKTRIAKAIFDTLSYQFEASCFLADVKEFAKKNKLHSLQNILLSELLRKKNDYVYNKYDGKCMIPNRLCSLKVLIVLDDIDHGDQMEYLAGDICWFGNGSRVIVTTRNKHLIEKDDAIYEVSTLPDHEAMQLFNMHAFKKEVPNEDFKELALEIVNHAKGLPLALKVWGCLLHKKNLSLWKITVEQIKKDSNSEIVEQLKISYDGLESEEQEIFLDIACFFRGEKRKEVMQILKSCDFGAEYGLDVLINKSLVFISENDRIEMHDLIRDMGRYVVKMQKLQKKRSRIWDVEDFKEVMIDYTGTMTVEAIWFSCFEEVRFNKEAMKKMKRLRILHIFDGFVKFFSSPPSSNSNDSEEEDDSYDLVVDHHDDSIEYLSNNLRWLVWNHYSWKSLPENFKPEKLVHLELRWSSLHYLWKKTEHLPSLRKLDLSLSKSLVQTPDFTGMPNLEYLNLEYCSKLEEVHYSLAYCEKLIELNLSWCTKLRRFPYINMESLESLDLQYCYGIMVFPEIIGTMKPELMILSANTMITELPSSLQYPTHLTELDLSGMENLEALPSSIVKLKDLVKLNVSYCLTLKSLPEEIGDLENLEELDASRTLISQPPSSIVRLNKLKSLKLMKRNTLTDDVCFVFPPVNNGLLSLEILELGSSNFEDGRIPEDIGCLSSLKELRLEGDNFNHLPQSIAQLGALRFLYIKDCRSLTSLPEFPPQLDTIFADWSNDLICKSLFLNISSFQHNISASDSLSLRVFTSLGSSIPIWFHHQGTDTSVSVNLPENWYVSDNFLGFAVCYYGNLTENTAELIMSSAGMPCITWKLLLSNHSECTYIRIHFFLVPFAGLWDTSNANGKTPNDYKHIMLSFPQELKECGVRLFYEDESVLETTNDELTIGVRRIRYDDDDSEHYEEAGCSSSKKQRS,MRLAYIFAVMAGALPYCNALHAAPGAKALNKIKTFPDFAAPSRMDGNRLLRRVDNEESETEEERGFNLKDTLKKLNPIKAAGKAKDKAKETEKITDADWKKLVEHLKIKGNKRS,0
